order_id,region,shipping_mode,vehicle_type,warehouse,weather,distance_km,shipment_volume,fuel_price,delivery_time_days,scheduled_days,late_delivery,transport_cost,order_value,profit
100001,West,Second Class,Mini Truck,WH-B,Clear,141.74816267024212,28.49374932967141,98.4590578695976,2.775333942255678,3.0,0,2251.5035442279222,2031.0766456532087,622.67
100002,East,Same Day,Truck,WH-A,Clear,118.50087875710028,40.272769609927536,105.472270627836,1.7432507240066757,1.0,1,2251.5035442279222,3012.072272614464,1768.8
100003,Central,Standard,Van,WH-C,Clear,204.64083663134303,18.18554710448793,94.3684454985678,3.368115368246794,5.0,0,2251.5035442279222,2137.5162617235032,596.09
100004,West,Standard,Truck,WH-B,Rain,85.71627652956901,29.051443965868344,99.30504120268866,3.324719231747641,5.0,0,2251.5035442279222,2313.341351276716,1117.14
100005,North,First Class,Van,WH-D,Cloudy,160.4515135483893,28.06704101865341,101.26891147154294,1.6095974874532453,2.0,0,2659.7397664840805,1958.7443564022265,555.66
100006,Central,Second Class,Truck,WH-C,Rain,,22.01099867039485,94.82023380976464,4.792336212973323,3.0,1,2660.272023014601,1634.5901068005408,215.49
100007,West,Second Class,Truck,WH-D,Cloudy,87.84600485465764,7.673042153342786,102.89044648492404,2.283026859480962,3.0,0,2662.246146528277,1523.821964505065,518.7
100008,West,Standard,Van,WH-B,Clear,111.88448770867232,43.78631313752241,103.2130429885854,3.65739865087163,5.0,0,2664.0870020134917,2891.463792213948,1587.72
100009,North,Standard,Van,WH-A,Clear,66.43147477588825,31.68675295990955,104.28230840436714,3.513926831578478,5.0,0,901.4972435004138,2157.9855112438,1176.66
100010,East,Second Class,Truck,WH-A,Clear,208.68621681681608,45.63075172038068,98.7505930139132,4.383649859247678,3.0,1,1583.145955139237,2816.96878374887,1150.66
100011,South,Standard,Van,WH-B,Cloudy,184.32929850973048,52.29617934912194,110.16082349794522,4.464309149944899,5.0,0,1572.1617000988272,2753.061389025391,1052.1
100012,Central,Standard,Mini Truck,WH-B,Cloudy,191.98352739334268,26.51563554406441,92.30830132341396,4.373584982254729,5.0,0,1307.0649520101997,2370.0146110770897,991.55
100013,West,Second Class,Truck,WH-D,Clear,118.21721763612136,,108.74446551707364,2.9003824524852337,3.0,0,1321.827832686561,2979.5680903504503,1583.24
100014,Central,Second Class,Truck,WH-B,Rain,182.588339639644,70.14396251222624,100.6097969319506,5.271988678190184,3.0,1,1733.639350193719,3624.356479693157,1749.34
100015,East,First Class,Van,WH-D,Clear,16.894140296912838,83.4889971750664,104.04232399816031,3.125970229880382,2.0,1,1242.1803402977805,3812.341445002061,2465.98
100016,South,Standard,Truck,WH-A,Clear,124.40439924243552,34.12514318835663,94.07977347274974,4.720742029688002,5.0,0,1088.0457610501085,2630.9488410461363,1399.46
100017,East,Standard,Mini Truck,WH-B,Clear,304.5096620212035,35.79458842024688,101.06684821778258,4.537707047313784,5.0,0,1880.586850317576,2547.845635884177,569.84
100018,North,Same Day,Van,WH-D,Rain,135.31207813982476,33.76790002743848,104.56184498198618,1.8948814898041384,1.0,1,1193.703966730927,2771.5069936584423,1467.84
100019,Central,Standard,Van,WH-A,,232.7418611213521,39.41048209137138,89.47584813765677,5.168154412528561,5.0,1,1592.0532888885289,2689.2707300241186,981.75
100020,West,Standard,Van,WH-B,Clear,118.60417650735197,50.95046957541214,95.02004230910748,3.74599331128153,5.0,0,1300.74656433364,2852.9649348622324,1393.66
100021,West,Standard,Van,WH-D,Storm,270.11868598298935,33.32709251178849,83.15248387061287,5.318040594179483,5.0,1,1829.235834375282,2563.920150520693,578.98
100022,South,Second Class,Truck,WH-C,Rain,82.25360458346181,80.68329854092576,94.93000213890504,3.697719958690696,3.0,1,1510.1657898038866,3917.363899214405,2256.83
100023,Central,First Class,Truck,WH-D,Rain,171.8570408995127,74.06343425131149,91.10395083923947,4.387221894802392,2.0,1,1785.4273233856925,4205.30627175588,2331.89
100024,Central,First Class,Truck,WH-C,Rain,,29.6539830379515,94.6933938721996,2.623529857924608,2.0,1,1032.2461526771951,2314.647256477048,1206.94
100025,West,Second Class,Van,WH-D,Clear,156.58745780139026,29.53983895224887,112.0,2.246476674265985,3.0,0,1256.4005951083689,2476.397877415668,1083.37
100026,North,Standard,Van,WH-D,Cloudy,97.4244225254945,20.912578583854994,106.3068210407832,2.9351479283570017,5.0,0,1012.4859509259376,1816.171881905896,645.5
100027,East,Standard,Van,WH-D,Clear,135.00635986967828,40.71666464558985,87.36331477979621,4.41360459349747,5.0,0,1228.6390413579109,2476.1560797207444,1096.82
100028,North,Standard,Mini Truck,WH-A,Cloudy,106.01254312102876,23.31576741719106,99.33442980959644,3.2839109934960176,5.0,0,1059.176420513202,1874.555737614179,704.92
100029,North,Standard,Truck,WH-C,Clear,194.7952881455543,20.25789080723256,100.79358652235544,4.221467520070354,5.0,0,1381.9188776989577,1814.0071714442663,296.61
100030,West,Standard,Van,WH-A,Cloudy,175.86154551423425,40.17545560626074,93.97261747977248,3.596424656564816,5.0,0,1384.0206161175352,3009.86722325927,1489.76
100031,West,Standard,Truck,WH-A,Storm,90.44295697616184,12.996857937660415,97.06984561895128,4.237747925654754,5.0,0,879.2706376476846,1707.246355137837,712.76
100032,Central,Standard,Van,WH-B,Clear,88.87916677108062,51.47986337303576,97.65589324449,4.163546946384752,5.0,0,1173.0357121123268,2893.336541649002,1603.57
100033,South,Second Class,Van,WH-C,Storm,77.88759336228001,41.16375407373302,87.92033176282884,4.753043039539008,3.0,1,1042.018104881216,2272.8015836611403,1117.35
100034,South,Second Class,Van,WH-B,Clear,68.53707648542196,71.80641091858851,89.8120238754831,3.007856282320488,3.0,1,1280.483882332105,4037.220274631077,2674.32
100035,East,Standard,Mini Truck,WH-D,Clear,202.0439733187441,34.50977092101493,97.03378031064594,4.547798328712944,5.0,0,1542.4437064049755,2509.221480858382,880.79
100036,North,Standard,Truck,WH-B,Clear,75.1580419564329,45.0691742702014,96.5964151678906,4.22456110901787,5.0,0,1030.8053244415391,2615.371232740049,1499.12
100037,North,First Class,Truck,WH-C,Rain,163.99025867104612,3.8019797486448974,91.7486237074964,3.1964651274269427,2.0,1,1133.9653744700631,1627.0708759861288,439.08
100038,East,Second Class,Van,WH-D,Clear,100.6621451346572,48.64393203807158,91.23374316087693,3.8931360575786,3.0,1,1186.7680497433612,2702.174075344586,1400.41
100039,South,First Class,Van,WH-D,Clear,229.08556816338984,59.65324854109218,95.46132450197275,2.9107494149717734,2.0,1,1926.2410994050647,3399.445741923221,1364.62
100040,West,Standard,Truck,WH-A,Cloudy,344.37546467212104,32.153016502412186,101.31690571789964,5.331509943597012,5.0,1,1968.687753083267,2584.00072640754,478.64
100041,East,First Class,Van,WH-C,Clear,13.154405200383907,20.80406815170609,95.54108537431878,1.822780866114191,2.0,0,612.572116561358,1285.090226215062,518.39
100042,Central,Standard,Mini Truck,WH-A,Clear,81.61049630241267,35.010370622509775,105.73638498381388,3.264020522150544,5.0,0,981.8365542515312,2356.2268183562014,1218.04
100043,West,Standard,Truck,WH-C,Rain,99.67660991483076,51.44430012568455,91.82507671402465,4.4944703655862135,5.0,0,1231.588549065579,2743.715116453096,1352.48
100044,South,Standard,Van,WH-B,Cloudy,120.61191237310962,55.53134616305651,97.15865880872896,3.96756551332504,5.0,0,1444.926763838031,2984.6121633899647,1456.18
100045,Central,Standard,Truck,WH-D,Cloudy,116.32080857297804,7.734254185282415,93.87422742537596,3.949474894404356,5.0,0,921.7927689007448,1127.1702446216764,145.5
100046,Central,Standard,Mini Truck,WH-D,Cloudy,58.19685483122899,,99.52776567847866,3.883635925475915,5.0,0,1806.977451298996,5317.986787870226,3368.43
100047,South,Standard,Truck,WH-D,Storm,348.1831066602145,20.33189905164678,91.31047270664882,7.3505900217153854,5.0,1,1884.988191075645,1989.6131399470096,-53.75
100048,South,First Class,Truck,WH-D,Clear,118.81543715729208,45.53917724318695,107.56438652396253,2.726410512653022,2.0,1,1312.2394283700114,2806.1600665292226,1329.46
100049,West,Standard,Mini Truck,WH-B,Clear,175.4271787912151,63.64355335352437,85.85632558154396,4.116330808856243,5.0,0,1575.1777747759434,3495.3256761366843,1793.17
100050,North,Standard,Van,WH-C,Clear,178.4223250931936,27.92364180661144,106.29288143808148,3.983842047617214,5.0,0,1259.795524601068,2194.260608371012,894.35
100051,North,Standard,Mini Truck,WH-A,Clear,49.66957386635846,56.83503354037241,96.539930814653,3.265437379837364,5.0,0,1116.2732262660904,3637.583526609175,2398.51
100052,North,Standard,Van,WH-C,Cloudy,109.62340302328016,7.676676296518122,99.31454749048147,3.056599968993774,5.0,0,890.970240627785,1250.1455294347936,229.73
100053,West,Standard,Truck,WH-A,Cloudy,202.03727366075972,5.374451346205048,104.00714941855176,4.338404438758883,5.0,0,1218.144385015971,1519.1331493042512,147.17
100054,West,Standard,Truck,WH-C,Clear,279.5026644589404,58.0765313623635,101.14596897099642,5.211120787751639,5.0,1,2035.1364359345428,3689.7003876299,1494.53
100055,West,Standard,Truck,WH-D,Clear,110.99481316325291,53.91153634465796,91.61983867324165,3.620531924754943,5.0,0,1348.5777746416504,3032.714888699789,1542.3
100056,West,First Class,Truck,WH-C,Cloudy,56.06216951413956,37.75538206110434,99.6005373315756,1.6600345278055846,2.0,0,1041.908347120396,2404.066206333676,1272.71
100057,East,First Class,Truck,WH-D,Storm,94.64366324283144,51.54234138502591,107.2048438358077,4.4263063777542575,2.0,1,1250.3570487109769,2934.1421140336874,1609.8
100058,East,Standard,Van,WH-A,Clear,108.18728585378317,75.24940267280553,90.67624972703508,4.208239090700575,5.0,0,1573.6739046990472,3904.854015031289,2202.49
100059,North,Second Class,Van,WH-D,Clear,105.77801415337852,64.82821000791873,108.71057106716388,3.655391037749762,3.0,1,1515.2884944987852,3307.2432084399584,1709.69
100060,North,First Class,Van,WH-C,Clear,77.94086460839497,28.992419538326104,98.3142149158114,1.6909474513189906,2.0,0,928.7633640864352,1918.4526713565467,828.06
100061,West,Same Day,Truck,WH-C,Clear,52.08955931195074,34.80206766313997,93.40063336847844,0.9585313254189992,1.0,0,806.2339390057834,2220.4703412816,1363.9
100062,East,Second Class,Van,WH-D,Clear,66.01696232295133,25.869829776997555,90.64026369235047,2.556485394657738,3.0,0,785.559821397651,1408.9081527444712,493.51
100063,East,First Class,Van,WH-C,,95.14012192936984,23.723443187314537,94.66027755355036,2.5239032606126983,2.0,1,932.95979174542,2246.7612580321493,1192.62
100064,West,First Class,Mini Truck,WH-B,Cloudy,200.19501940168536,48.47239372951516,84.26833001357703,2.5449424358253805,2.0,1,1696.8359296454298,3542.5165011443924,1742.92
100065,West,First Class,Van,WH-C,Clear,242.62799087491263,25.684623675341708,93.50853318564728,2.211552465698741,2.0,1,1536.5433433486248,2255.333648219006,641.17
100066,East,Standard,Van,WH-C,Clear,143.55391436458345,48.405612565528656,94.42243653686631,4.710185208562955,5.0,0,1342.488965995576,3064.17761765909,1683.85
100067,East,Standard,Van,WH-D,Clear,67.24118474686126,27.902487262189304,89.55351810532548,3.840200030191209,5.0,0,846.1786357877406,2251.593066020168,1314.01
100068,South,Standard,Van,WH-B,Rain,98.45063164375294,30.59119715649369,100.48707116942616,3.3557299712539352,5.0,0,1007.7583592287148,1808.509194010948,708.74
100069,North,Standard,Truck,WH-C,Clear,31.28474327766111,16.656014645153363,94.68740227326369,2.960899802572238,5.0,0,696.7156888537125,1721.3105807367235,875.68
100070,East,Standard,Van,WH-C,Clear,282.41165496115434,47.64909627194287,92.18523273231344,5.326298352240242,5.0,1,1888.263294847996,3012.3966886553503,1041.53
100071,South,Standard,Van,WH-A,Clear,89.35384968682735,7.28815239672617,94.04799638958872,3.160563457814096,5.0,0,894.7494938391183,1810.467777966095,789.87
100072,East,Second Class,Mini Truck,WH-A,Cloudy,167.30209192340703,59.37642374504512,98.13064483989508,4.37173606136939,3.0,1,1621.384523434162,3310.382975274173,1624.23
100073,Central,Second Class,Mini Truck,WH-A,Rain,233.41670703565333,99.06070984839926,96.43932726280195,4.488589591911591,3.0,1,2283.0096512989085,5211.502602696263,2801.68
100074,South,First Class,Truck,WH-C,Clear,324.87828512552005,31.27034181898974,91.79414947147454,2.5861217774020435,2.0,1,1885.1606042208907,2528.450669757513,611.61
100075,North,Standard,Mini Truck,WH-B,Clear,212.360849818184,30.391165927308656,96.75392084424269,3.780280348472624,5.0,0,1410.486910369778,2886.287023993072,1292.46
100076,South,Standard,Mini Truck,WH-D,Clear,105.38528017598254,9.467104681031394,95.69594425460244,3.69810255802018,5.0,0,815.468116027791,1221.3559279362353,300.83
100077,South,First Class,Van,WH-C,Cloudy,179.92223080398938,21.21154706460659,89.16321466110712,1.2795864126387484,2.0,0,1182.566735712794,2221.171000734079,1026.41
100078,West,First Class,Truck,WH-A,Rain,318.40983212050406,51.87680219281161,94.26897183895645,3.9960392352116094,2.0,1,2158.689047421951,3501.125651756736,1257.56
100079,East,Same Day,Truck,WH-A,Clear,,56.30958128754432,99.47602962252532,1.3083035516614356,1.0,1,1230.5063308355432,3200.7450513720505,1890.89
100080,West,First Class,Van,WH-B,Clear,50.30259546194949,33.81728777081305,99.43282955937904,1.22860217170398,2.0,0,943.8941535507022,2232.8534573835987,1201.91
100081,West,First Class,Van,WH-D,Cloudy,78.32993695779602,50.05396903729014,94.62021400557964,2.704556004930292,2.0,1,1162.0341008297246,2676.2915805168423,1417.02
100082,East,Standard,Van,WH-A,Cloudy,173.28353826243634,16.896160336754384,100.06063676871584,4.354598712945891,5.0,0,1192.9829778589956,1107.4503840605328,-172.34
100083,Central,Standard,Truck,WH-A,Clear,107.00361104678925,38.80398892708637,90.12026701809228,3.803657724020007,5.0,0,1075.115888090797,2735.7561062289064,1579.21
100084,North,Standard,Truck,WH-A,Clear,127.82486058389595,68.45224183998494,90.30607297084003,4.547703429132265,5.0,0,1517.110284764953,3509.060161384369,1922.5
100085,North,Second Class,Truck,WH-B,Clear,189.62721989261084,43.489484262600605,94.49247022023792,3.640134217811926,3.0,1,1492.896672534434,3086.3294337060297,1454.67
100086,North,First Class,Van,WH-D,Cloudy,77.23365114347617,74.56771887987975,104.9853968165228,2.1429084334312822,2.0,1,1449.4779546480518,3860.518331472604,2259.0
100087,West,Standard,Van,WH-C,Cloudy,124.18605225508034,75.90770336733506,96.97950975922924,4.439420081768716,5.0,0,1538.8498090005971,4208.091817272907,2568.15
100088,East,Second Class,Truck,WH-B,Cloudy,97.41796990153372,40.35130437744721,94.34780514200536,4.001446207231938,3.0,1,1168.368092981122,2709.175042193123,1431.42
100089,North,Standard,Truck,WH-A,Rain,311.4952529166813,1.222755993780475,105.26482800723988,5.593740728592762,5.0,1,1708.9685307281268,790.9823878938844,-988.56
100090,East,Standard,Mini Truck,WH-B,Clear,208.73171711981087,55.61019810996349,94.27836938877876,4.973739081824984,5.0,0,1707.313373428265,3442.628523056272,1622.83
100091,North,Standard,Mini Truck,WH-C,Clear,107.444808846404,12.049571935809986,109.40839942371596,3.174682738477039,5.0,0,961.0056759852788,1365.3655180806857,286.31
100092,West,Standard,Mini Truck,WH-B,Clear,103.87582425405236,2.9129495286334186,92.93230125827552,3.486041006505152,5.0,0,822.5467982404241,1388.921362562408,464.05
100093,East,First Class,Mini Truck,WH-C,Rain,330.6856572326968,6.402741056741343,89.9296276244922,4.359538827046408,2.0,1,1820.7139733709416,1786.340216959225,-158.24
100094,South,Standard,Mini Truck,WH-D,Cloudy,316.09124936189875,57.95405322002761,95.00182815088874,6.166467257783492,5.0,1,2154.14900140006,3721.9605307038687,1447.01
100095,South,First Class,Truck,WH-A,Clear,172.64549162388727,40.55135519045391,94.50549443497788,2.450896778028766,2.0,1,1450.9972704215015,2583.652683233183,1059.55
100096,West,Second Class,Van,WH-B,Clear,131.28002813940694,34.397271860764086,91.1536801419043,3.361233730275252,3.0,1,1189.4888962656746,2115.24883333302,774.0
100097,South,Standard,Van,WH-A,Cloudy,58.91549078542847,42.95021112831595,111.61184446895062,3.880464261009508,5.0,0,997.893452391399,2429.9341665471457,1329.31
100098,North,Standard,Van,WH-C,Cloudy,78.77035277886448,6.772273917223076,97.9117594068315,2.7226982505634347,5.0,0,683.8730951117705,749.1599784736959,-103.36
100099,North,First Class,Van,WH-B,Cloudy,55.95055170159208,25.79457799171765,98.7854974420295,1.7962642014095902,2.0,0,915.3982069046318,1733.3190231114752,693.21
100100,Central,Standard,Van,WH-B,Clear,238.51401954587988,,93.22872439717848,3.915344449367348,5.0,0,1400.263033239724,1584.0997217126635,4.85
100101,Central,First Class,Mini Truck,WH-A,Rain,59.53228153141316,32.731230297131646,92.53398369152922,2.542658284798072,2.0,1,981.2462790366562,1791.5096571080933,659.13
100102,West,Standard,Van,WH-A,Cloudy,103.07981588387828,33.47499369893433,102.1533501343062,3.263016027343189,5.0,0,1126.0420153846103,2286.713140957038,1042.72
100103,South,Second Class,Mini Truck,WH-B,Cloudy,35.933171967833964,41.83732470979231,85.94494936446144,2.916396698667641,3.0,0,951.9907511731996,2588.010283390199,1551.33
100104,Central,First Class,Truck,WH-C,Cloudy,46.880024201735104,45.75041430424346,89.14281316325778,2.5294360109093166,2.0,1,957.0923676760416,2614.951417080571,1572.41
100105,West,Standard,Truck,WH-A,Rain,194.4351407700017,7.080575620793493,94.51614896635468,4.8967275318895975,5.0,0,1168.8546963731355,1294.3475026415554,-3.16
100106,West,Standard,Truck,WH-A,,158.04253970302253,26.02860373290966,104.10628383380588,4.170961126315264,5.0,0,1290.213891563703,1836.711472756276,431.49
100107,East,Same Day,Van,WH-B,Cloudy,134.02924460487063,29.978858534004445,93.75289816218316,1.5816712303427358,1.0,1,1158.0361306046302,2101.151016489758,853.73
100108,South,Standard,Truck,WH-C,Clear,104.2286323091668,11.783725844947629,98.49690934364516,3.86020776482334,5.0,0,817.9026947383232,1229.8373599575737,272.78
100109,North,Standard,Van,WH-B,Clear,42.70779418380708,10.836669455793515,96.16637207632854,2.8837429541186146,5.0,0,745.72307787935,1272.9597833206783,415.88
100110,Central,Standard,Mini Truck,WH-B,Rain,95.95028236859156,6.437053107778909,103.77755047762084,3.803525642220877,5.0,0,803.279709160801,836.9355828393369,-105.71
100111,East,Standard,Van,WH-A,Cloudy,119.8405863664054,9.648900521224668,86.49166189072247,4.693084950091732,5.0,0,860.795643009955,1557.700669817499,621.05
100112,South,First Class,Van,WH-C,Clear,187.1760788963306,49.87288825360565,100.41577922233668,3.1242332505265944,2.0,1,1552.409317721183,2890.3289151314866,1192.94
100113,South,First Class,Truck,WH-D,Clear,231.358341067764,8.156246309532564,94.80660642154442,2.665747609350958,2.0,1,1397.2438275762186,1620.4465987547972,95.67
100114,East,Standard,Truck,WH-D,Rain,197.8123962564985,9.36273619468338,101.54930516351644,5.121416893302497,5.0,1,1138.941560514014,1733.6517875674638,442.8
100115,North,First Class,Truck,WH-C,Rain,157.50791928640183,31.87340798392501,91.08430736339812,3.1060081323943614,2.0,1,1366.4059597187013,2376.671478587424,866.06
100116,Central,Standard,Truck,WH-C,Storm,132.84528386961148,38.704729568653256,96.14635841917703,5.575105700880557,5.0,1,1271.2101404973162,2709.682931973645,1331.45
100117,West,Standard,Van,WH-B,Clear,148.7957042057902,29.376086161801737,95.3849597345239,4.046780392163906,5.0,0,1231.6613183003112,1667.4637260053703,331.59
100118,West,Second Class,Truck,WH-A,Rain,92.06675549760494,13.632381662333575,89.98538717207752,3.800977470724689,3.0,1,841.1575332635828,1360.536497138393,346.97
100119,East,Same Day,Van,WH-B,Rain,139.48160155962455,11.027871747659445,88.31752192231822,2.480693356556937,1.0,1,1140.6583295751575,1745.895175915654,505.41
100120,West,Standard,Van,WH-C,Clear,119.43639348084056,31.30781348638978,92.51753182882116,3.634833644304898,5.0,0,1126.1646790393402,2331.98980532738,1069.63
100121,West,Standard,Van,WH-C,Clear,402.9652654103402,27.304340380914024,96.77958677397,5.482839610210651,5.0,1,2126.56154574756,3025.018228601211,801.81
100122,West,Second Class,Van,WH-D,Storm,150.94594533416148,22.876505874088664,91.45852665417304,4.489119639469844,3.0,1,1215.6950180192598,2367.1050448086144,1106.58
100123,North,First Class,Van,WH-D,Clear,29.32882349284234,48.5491981378926,94.0195586218331,1.6193622523430566,2.0,0,948.0282444973064,2772.559445139694,1757.49
100124,East,Standard,Truck,WH-A,Cloudy,100.90662887861464,26.138678299353465,84.68521587309857,4.625713263711504,5.0,0,1007.0311924064724,1911.9070526357364,780.67
100125,North,Standard,Van,WH-A,Cloudy,111.79958871638684,10.268251347875736,93.7761004770976,3.58416892936394,5.0,0,926.5605222841184,1151.823132642027,90.72
100126,East,Second Class,Van,WH-B,Cloudy,212.6018869019629,22.96947014318508,102.14151987975004,3.7363113650710784,3.0,1,1419.44631497279,1936.5711204807544,392.8
100127,South,Standard,Truck,WH-D,Clear,161.9064778920076,41.43344510061479,100.2310819558205,4.146061351173466,5.0,0,1313.4881426613028,2563.8408469066344,1100.24
100128,North,Standard,Van,WH-D,Cloudy,157.32967687603292,25.09713026425276,95.47846837783712,3.708000734056701,5.0,0,1200.3263371442742,1888.572070323036,564.55
100129,North,Standard,Truck,WH-A,Clear,265.68244780989795,40.98198925749679,97.46191635008498,4.49867067185649,5.0,0,1808.2274764002148,2605.9595609074327,714.87
100130,West,Standard,Mini Truck,WH-A,Rain,316.8891270466738,46.03163319045163,91.03043762643506,5.11028724770722,5.0,1,2005.284343938102,3219.996636801686,1083.91
100131,North,Standard,Van,WH-C,Clear,194.2767925352472,26.19778283877452,105.7466320997484,4.163064620261316,5.0,0,1413.3283303453054,2569.373893972436,1040.11
100132,Central,First Class,Mini Truck,WH-C,Cloudy,105.60569681813053,29.28639946447558,108.40657503908344,2.335096378630727,2.0,1,1084.7174601966271,2336.2876259802715,1161.71
100133,West,Second Class,Van,WH-D,Rain,107.52202042663389,24.04279598449768,96.98894178423583,2.7342385553172224,3.0,0,1035.1968377065573,1826.560869611272,664.83
100134,South,Second Class,Van,WH-D,Clear,8.071533779971253,41.541668008054735,111.54411501636896,2.3381701084323807,3.0,0,889.4661725562787,2646.619357010206,1644.38
100135,West,Same Day,Truck,WH-A,Clear,247.27005151749904,23.54148048830868,91.91890577078794,2.0156956694771733,1.0,1,1434.7432801975542,2226.3250679969487,702.76
100136,North,Standard,Truck,WH-A,Cloudy,107.32635686235128,39.06126897867543,88.49352455958628,4.030016021170647,5.0,0,1113.3692012651338,2467.339575807688,1250.2
100137,Central,Standard,Mini Truck,WH-C,Clear,127.6691164035107,33.82618775528724,91.7422574754353,3.325329424566492,5.0,0,1241.0626170015985,2289.418862815384,888.88
100138,East,First Class,Van,WH-C,Clear,99.5997212934189,6.3646563539787255,94.68305840955006,1.4908976506101228,2.0,0,911.0887737065142,1171.1514052822797,101.73
100139,West,Standard,Truck,WH-D,Clear,66.47978759354677,40.39478885060271,109.87239930721778,3.6223944474670335,5.0,0,1157.8991124846953,2617.4321246756044,1342.95
100140,North,Second Class,Van,WH-C,Rain,385.9159873853369,31.86751938759696,94.31304523556425,4.630964091124565,3.0,1,2177.8926127919603,2740.532034591396,450.64
100141,East,First Class,Van,WH-C,Clear,128.17405421030716,60.78198235081382,90.84206512317589,2.7190210554539056,2.0,1,1455.021898407835,3158.3229275152307,1643.46
100142,East,Standard,Van,WH-B,Clear,286.335959909936,12.220184747205536,90.60924684253538,4.78900987924883,5.0,0,1614.1017282022274,1585.5587209566074,-198.72
100143,Central,Standard,Mini Truck,WH-A,Storm,,34.17518183608938,102.84013267225968,5.306016407316335,5.0,1,1265.4931908556794,2369.8908261716333,958.13
100144,East,Standard,Van,WH-D,Clear,89.32239279296412,21.323037548362247,101.98381048985422,3.8568679296096544,5.0,0,942.3881025135836,1878.21853778592,799.51
100145,East,Standard,Mini Truck,WH-D,Clear,185.2399975441079,7.037674370642972,93.08713088187834,5.040577200678747,5.0,1,1190.647497389257,1322.580460584631,101.55
100146,South,Standard,Truck,WH-A,Clear,230.8167501624284,5.250290530342457,84.74529530353706,3.82261981548926,5.0,0,1307.861442165589,1131.9797847588234,-287.31
100147,South,Standard,Truck,WH-C,Clear,238.9637124991989,68.09012505487391,89.22843873174429,5.576603794182685,5.0,1,1946.4061142940093,4130.300713855049,2078.34
100148,East,First Class,Truck,WH-B,Clear,118.89863753304437,34.24505211540071,106.32746302499726,1.7224558963026702,2.0,0,1116.756450532367,2574.980680326482,1324.33
100149,East,First Class,Mini Truck,WH-B,Cloudy,195.9764641373024,25.61622399423376,100.13284730729684,3.819367430357261,2.0,1,1360.170492792952,1629.3300219846524,174.95
100150,North,First Class,Van,WH-D,Clear,95.3750200410573,8.834030461238722,96.39276825334984,0.600307381245528,2.0,0,791.8244888488651,1642.263924429357,748.55
100151,Central,Standard,Van,WH-D,Cloudy,138.45832043099352,65.71477222720864,107.21299903890636,5.258299679123117,5.0,1,1486.583502311689,3494.142372076464,1875.88
100152,Central,Standard,Truck,WH-A,Clear,112.20174102804437,17.608548956033655,107.7499576368691,3.4955328587061434,5.0,0,895.2094758762785,1718.5847641865444,740.45
100153,North,Standard,Van,WH-B,Clear,102.2680029099954,35.263413212296754,95.7843623882322,3.922948275973269,5.0,0,1073.576303973405,2608.647872318425,1445.16
100154,East,Standard,Van,WH-D,Clear,141.77365895633235,31.074351597142545,95.89456943681,4.64711273515743,5.0,0,1192.8640273518188,2649.152643470078,1339.52
100155,North,First Class,Van,WH-D,Clear,65.33662153538326,84.09164435532875,92.50771990732754,1.873376375943311,2.0,0,1420.939174243335,4363.804725527565,2786.02
100156,West,Standard,Van,WH-A,Cloudy,220.5286790808209,28.82848174836808,94.2923802750892,4.025128702464775,5.0,0,1523.3129468029665,2352.691553521104,691.08
100157,South,Standard,Van,WH-D,Clear,102.51987345098642,20.409473096239708,87.08205014519928,3.174648332785691,5.0,0,953.1435171586648,1416.1855782931348,315.4
100158,West,First Class,Van,WH-B,Clear,214.8386254416561,34.571313029570966,87.05768174289564,2.730659676123296,2.0,1,1489.9764264836688,1993.861464922493,391.67
100159,West,Standard,Mini Truck,WH-C,Clear,74.46045830352598,36.93930382738526,85.6640467865646,3.09136822692975,5.0,0,940.6036554043338,2557.262105143113,1454.33
100160,West,Standard,Van,WH-A,Rain,102.30406819887033,118.38932179523304,102.50602204151669,4.612256551981258,5.0,0,1980.7024518394144,5818.44913741294,3788.69
100161,North,Standard,Mini Truck,WH-C,Clear,65.19246093982079,28.513501004686567,86.63158666252463,3.446394563052782,5.0,0,871.6199278249637,1797.198252660255,744.8
100162,Central,Second Class,Mini Truck,WH-C,Cloudy,63.59672787448136,11.90118165183383,107.69977379223693,2.2587629611026223,3.0,0,733.1899909576496,1299.2740217590697,380.77
100163,South,First Class,Van,WH-C,Clear,80.81738139855831,22.88128599984134,91.61773265280355,1.6740855402036117,2.0,0,880.8116530247702,1675.643682415012,668.85
100164,North,Standard,Truck,WH-D,Clear,75.19696582739911,34.52271858241336,106.42409944069522,3.5435232159714136,5.0,0,963.691916677647,2101.242826248775,998.42
100165,East,First Class,Truck,WH-D,Cloudy,65.5514877220273,38.52968304645096,93.80967394280717,2.4086680495386195,2.0,1,966.0360548058684,2650.8609296377763,1576.15
100166,South,First Class,Truck,WH-D,Clear,133.06881463359449,8.153665092235684,86.60287937447714,2.0878860891231685,2.0,1,910.750713752101,1403.9564230338367,390.54
100167,Central,First Class,Van,WH-C,Clear,183.24062904561413,21.052242210472148,103.7026733883928,2.898493100808387,2.0,1,1266.4314108042215,1872.5237584311296,517.47
100168,Central,Standard,Van,WH-D,Storm,188.55010345911435,81.2162924700474,104.41119376579935,6.135581838051594,5.0,1,1986.1696042603585,4889.9893052158,2795.54
100169,South,Standard,Van,WH-C,Clear,40.41261554364016,15.182073158311464,90.56369399839794,2.9194945251886137,5.0,0,685.0907082369616,1091.0562632424978,276.51
100170,Central,First Class,Truck,WH-C,Clear,111.77936428475876,49.23581653988698,94.0100864004153,2.315876383996505,2.0,1,1347.988537052117,3009.1416546022174,1536.46
100171,South,Standard,Mini Truck,WH-C,Clear,105.27171982757912,23.410545928707226,90.56522438063412,3.9164702804035394,5.0,0,1053.9821807426945,1616.845269687468,383.33
100172,East,Second Class,Truck,WH-D,Clear,268.25865897355595,29.60895285196371,95.27683983325367,4.15815146682823,3.0,1,1780.7140974542751,2368.646576528461,474.42
100173,South,First Class,Truck,WH-A,Rain,114.33905317852418,9.04738649591946,96.64697488464512,3.162337426347178,2.0,1,960.8274499869544,1386.7705786819513,368.05
100174,Central,Standard,Mini Truck,WH-C,Clear,126.71383892598588,24.95834508339721,93.89170164530742,3.787672539987545,5.0,0,1118.714376074056,2187.650953144642,901.39
100175,North,First Class,Truck,WH-B,Rain,51.11274099609362,34.255920886498075,85.08665162765489,1.7891129989290129,2.0,0,883.9904390410929,2128.43245368964,1177.18
100176,North,First Class,Van,WH-D,Cloudy,79.49083739803656,28.74677960021745,92.51472410945986,2.519029145679366,2.0,1,998.6139662519928,1943.7241076755183,854.69
100177,East,Second Class,Mini Truck,WH-A,Storm,48.97411472678431,26.007528494768803,100.22111258132423,5.303267183855601,3.0,1,852.440505639833,1806.6682148560487,834.72
100178,Central,Standard,Van,WH-C,Rain,138.00557584969894,41.66992537870403,94.74660274442452,4.242752915576236,5.0,0,1246.0049898766367,2361.879029344917,991.27
100179,Central,First Class,Van,WH-A,Rain,272.89289120995494,10.999466066091896,94.03535623462976,3.054964005623165,2.0,1,1630.8922707747358,1867.264365212333,176.96
100180,West,Second Class,Truck,WH-D,Cloudy,81.22538196885516,35.267440094268466,90.4153407298154,3.041052562648928,3.0,1,949.6566898401076,2356.702003821618,1323.17
100181,Central,Second Class,Mini Truck,WH-D,Clear,114.88026709244014,4.85421024516963,92.3396917848143,2.0933973825596266,3.0,0,874.5403675638448,1300.0366379116008,367.32
100182,Central,First Class,Van,WH-A,Clear,75.49529006256552,57.55695407384785,104.45368863949176,2.515927902516926,2.0,1,1172.3808422566551,3105.670026285566,1801.53
100183,East,Second Class,Truck,WH-D,Cloudy,90.8083971325186,26.58955241536812,89.16133645918735,3.4190000830703324,3.0,1,1032.2975146378185,1925.6386166499988,741.92
100184,South,Standard,Van,WH-B,Clear,139.66258055229747,47.26605102493396,100.32493858011138,4.72974519588855,5.0,0,1429.727441781169,3141.4026684993387,1644.44
100185,West,Standard,Van,WH-D,Cloudy,342.70930453569684,2.063410818825054,96.28233132542114,4.3364984695181805,5.0,0,1735.054269543435,1750.7329768188604,-129.17
100186,West,Standard,Van,WH-C,Clear,265.60666651778257,43.28704017395695,97.4688639787284,4.372119575413601,5.0,0,1865.0324558073207,3276.6996728884696,1269.09
100187,South,Second Class,Truck,WH-A,Rain,308.0557057527388,17.168336928771744,91.6058623139123,5.750404797001529,3.0,1,1735.6838015567105,2100.045661522224,277.43
100188,North,Second Class,Mini Truck,WH-A,Clear,215.8876127065853,29.736252982957684,93.8893358037125,3.3700759156304043,3.0,1,1595.9698763544948,2656.7413398881004,1020.16
100189,West,Second Class,Van,WH-B,Rain,113.98654213449122,43.70758452322913,95.96567891896824,3.6597554152494087,3.0,1,1297.9550871942024,2562.0433277946872,1191.58
100190,South,Standard,Van,WH-A,Clear,104.934042420032,27.98508187001548,92.87599821234484,4.080490308590746,5.0,0,983.6789003217172,2002.101440881313,929.26
100191,Central,First Class,Van,WH-A,Clear,81.53185712866737,40.58493146998599,97.9885926242193,1.5696818570721442,2.0,0,1075.9880232334815,2787.75992711156,1547.81
100192,South,First Class,Van,WH-D,Rain,19.90110499761747,23.643672869361133,98.74463409673842,1.697344574806957,2.0,0,704.84289436283,1945.1369425964945,1134.43
100193,North,Standard,Truck,WH-D,Rain,112.92050619018688,60.25665533305414,109.03623974171953,4.200141526779419,5.0,0,1417.2208095594042,3220.3972120696694,1728.42
100194,Central,Second Class,Truck,WH-B,Cloudy,274.996296142971,26.541274223461656,97.66914017617422,4.548593241230379,3.0,1,1592.255997213598,2041.997194543963,334.57
100195,North,Second Class,Truck,WH-A,Storm,273.3032773712901,26.893735847029205,84.52654406688697,5.859625829606035,3.0,1,1745.562965009089,2262.916809707314,452.69
100196,North,Second Class,Van,WH-A,Clear,411.43207133470895,27.22180149102418,102.97811448503208,5.036844271770873,3.0,1,2130.597554570945,2403.789074742136,145.19
100197,West,Standard,Truck,WH-D,Rain,145.60475115174344,29.210839162955192,94.77677615018284,4.4817692268336735,5.0,0,1098.5464678362607,2603.2263108876045,1428.9
100198,Central,First Class,Van,WH-B,Clear,58.87560286223216,11.429127345514305,108.07155217762111,0.7492395545559399,2.0,0,706.2977338812802,1530.2930851614992,743.13
100199,North,Same Day,Van,WH-A,Clear,176.58657634495543,14.82804987218626,104.82554671503183,0.5,1.0,0,1158.042187704078,1489.8410882173062,208.66
100200,South,Second Class,Mini Truck,WH-B,Clear,344.7211914417249,51.479996683227085,92.9683956977306,6.070446653077227,3.0,1,2120.3653933906253,3115.490278391481,823.87
100201,West,First Class,Truck,WH-B,Clear,294.6076045263634,47.24954718019208,100.33141670322703,3.5693655450648203,2.0,1,1778.239584867065,2931.198162548614,966.04
100202,Central,Same Day,Mini Truck,WH-C,Clear,97.8514404086178,45.449227755886646,92.43626911351268,1.467165076840208,1.0,1,1124.7048096378733,2563.496937842621,1365.19
100203,East,Standard,Mini Truck,WH-B,Cloudy,62.600013712964646,38.354598484644384,96.01614495848816,4.224632371172314,5.0,0,976.32426706247,2328.479668650524,1263.04
100204,North,Second Class,Truck,WH-D,Clear,61.455290240091216,20.71447497024123,100.05590888612372,1.963370490176744,3.0,0,775.5286026421511,1976.406194021553,1072.83
100205,North,Standard,Mini Truck,WH-C,Rain,84.79427531243967,19.28449137071952,102.67800123627906,3.716208250528513,5.0,0,946.009618381086,1443.8111448114823,346.89
100206,South,Same Day,Van,WH-D,Clear,92.8199271816812,28.42516094503221,101.37123497331744,1.980249114112159,1.0,1,1081.5450638916584,2619.616296049888,1503.81
100207,North,Standard,Van,WH-B,Clear,109.00117277500622,56.26061734864963,96.44993779147696,3.921956257522535,5.0,0,1351.400431037593,2898.2805110365334,1433.82
100208,West,Standard,Van,WH-C,Cloudy,189.64718435326185,33.04809372734305,110.9005434004873,3.700693876244352,5.0,0,1498.5087465685428,2044.9305607012573,453.47
100209,North,First Class,Van,WH-B,Clear,106.78670166431183,14.291147032934695,93.80987756083746,1.074117151217909,2.0,0,972.6531351652692,1957.355856578148,942.04
100210,East,Standard,Van,WH-C,Clear,134.88496952233015,9.619728438607297,86.35679620980422,3.704894383418528,5.0,0,906.0838360986414,1738.6565257665104,769.37
100211,West,First Class,Van,WH-C,Cloudy,46.64423709990243,,87.51180422874405,1.5251669317972272,2.0,0,1028.7306064739842,2667.6216698632475,1548.76
100212,West,Standard,Truck,WH-B,Clear,81.59702901894599,66.76077183494886,104.84404638073406,4.63981874702281,5.0,0,1386.780171348284,3579.117060743291,2080.28
100213,North,Same Day,Truck,WH-D,Clear,79.27011436632259,7.807467272142862,95.54008248091915,0.8645316608028074,1.0,0,724.2836793541874,1341.012241976313,471.44
100214,Central,First Class,Truck,WH-D,Cloudy,41.27987885534617,49.09980575988455,96.95434498832456,1.6335501103612478,2.0,0,964.954180598872,2774.274508001125,1686.92
100215,West,Standard,Van,WH-D,Clear,105.1964128224202,37.80556063129153,92.74485672045398,3.302026811425028,5.0,0,1156.4633207320971,2101.844962451816,802.22
100216,West,First Class,Truck,WH-A,Rain,46.87980108860396,16.758265080715226,93.28378512420484,2.339875276645975,2.0,1,660.1112306538952,900.7059193601026,129.66
100217,North,Standard,Van,WH-C,Rain,100.79329846050874,33.321638641926,91.27742483430424,3.6132038732874543,5.0,0,1040.773728914471,2036.4686600412488,910.37
100218,North,Second Class,Van,WH-A,Clear,140.92140246417807,12.61477419544394,98.82690487998052,2.8608669597428134,3.0,0,996.7931329114742,1987.058546705128,886.7
100219,Central,Second Class,Van,WH-A,Clear,277.53432373289155,25.231416474273715,95.4157204947774,4.313882581661163,3.0,1,1691.772321204421,2722.20898442327,896.09
100220,South,First Class,Van,WH-D,Clear,76.75949604698172,29.436366452026306,98.6100322668204,1.913320983075836,2.0,0,961.1478065852548,1991.2897769384897,884.0
100221,South,Standard,Van,WH-A,Cloudy,138.68136992236128,59.91787694246233,98.0366303119049,4.040665645982454,5.0,0,1539.84804353278,3087.014734042901,1442.34
100222,East,Standard,Mini Truck,WH-D,Clear,88.45038646655287,24.429161438431976,93.44472759820262,3.705671138616427,5.0,0,886.9972134051409,1957.0491352325555,992.57
100223,West,Second Class,Truck,WH-B,Rain,45.09924276757635,18.08467597078269,87.24761624818328,2.434616756585792,3.0,0,684.126716816606,1678.1416227381362,872.27
100224,Central,Second Class,Truck,WH-B,Clear,279.28137458755583,36.06277275720548,86.72520242400385,4.175212655883024,3.0,1,1791.4410467858015,2823.271718854923,905.1
100225,South,Standard,Van,WH-A,Cloudy,144.59749790443013,41.24588573919691,112.0,4.347581883430288,5.0,0,1306.579726833318,1995.861983608057,536.14
100226,Central,Standard,Mini Truck,WH-C,Clear,171.57631489642205,17.624098254741224,104.86904066653986,3.515875105164308,5.0,0,1174.0166797407162,2567.9921464500167,1307.73
100227,North,Standard,Truck,WH-C,Clear,304.0451027344598,13.88702881772683,104.04109540134728,5.572434622108776,5.0,1,1571.6418506426617,2158.1069470065554,499.84
100228,East,First Class,Van,WH-B,Clear,100.49634979691515,14.77261156726443,91.95235915807862,2.486622109558612,2.0,1,905.3462438479628,1492.786743255579,450.97
100229,West,Standard,Truck,WH-D,Clear,56.89294436886179,60.04128435163501,96.05705840257872,2.796098291125205,5.0,0,1245.0476593362228,3004.3566976858688,1663.57
100230,North,Standard,Truck,WH-B,Storm,76.06639597335493,40.158180071334655,91.10782324570096,4.519118352151823,5.0,0,1054.7166421730285,2709.756778982657,1560.78
100231,North,First Class,Van,WH-C,Clear,53.43818068875592,23.37872511367273,88.12750742900465,0.927564302222704,2.0,0,842.360685728177,1908.42893331796,912.17
100232,East,Standard,Van,WH-B,Clear,237.9793858126404,54.216293545618186,92.4673588777458,5.716786573845458,5.0,1,1784.0573070213522,3311.618921204872,1465.55
100233,Central,Second Class,Truck,WH-C,Clear,351.966430442161,17.52897567812297,103.95710978057748,4.879453816028892,3.0,1,1793.2312751587524,2214.224308974766,239.03
100234,West,Standard,Van,WH-A,Clear,140.05151847813636,27.71206598432323,101.0444722015438,4.127223263594111,5.0,0,1127.921575530912,2076.9713396087745,860.49
100235,Central,First Class,Van,WH-B,Rain,192.61000238453204,12.457118732531196,90.17971199026788,3.028060642636349,2.0,1,1196.9424729004893,1720.5340825576686,383.26
100236,Central,Second Class,Van,WH-C,Rain,220.889591282912,52.83123488060845,94.11110369905516,4.443226881466094,3.0,1,1729.4459159765995,3386.7789025107386,1551.14
100237,East,First Class,Mini Truck,WH-C,Rain,315.04769053552195,16.548101279952313,100.49473903161947,3.9828023010339737,2.0,1,1793.2530545096904,2081.742910122634,168.99
100238,West,Standard,Van,WH-B,Clear,344.0481457507849,16.8133828145386,92.57417162887596,4.793515681916874,5.0,0,1936.91952124558,2130.9256838843594,93.2
100239,North,Second Class,Van,WH-C,Clear,34.533843226450415,36.55951582204466,96.47751746899638,2.1752453671056977,3.0,0,774.1950137998133,2599.637552348103,1685.46
100240,North,First Class,Van,WH-C,Cloudy,90.00197440141534,4.426555426254874,98.41108468238887,1.4786908996379549,2.0,0,744.8547579360225,730.9358802656188,-111.76
100241,Central,Standard,Mini Truck,WH-B,,131.05219444667054,10.45162747689395,98.3455833110648,4.2350965132661145,5.0,0,925.3627863154552,1233.5852244863693,218.28
100242,West,Standard,Truck,WH-A,Cloudy,83.33321904948545,44.578401391359485,97.52487256614172,3.703814848519251,5.0,0,1056.4619713298753,2650.61921865599,1420.69
100243,South,Standard,Mini Truck,WH-C,Clear,110.65487745396096,14.612239890055356,92.07781695730492,4.22672769316114,5.0,0,931.8789431757916,1371.9769995069232,329.07
100244,East,Same Day,Van,WH-D,Clear,165.39190940001268,99.97870060732455,92.6941524748871,2.10246059390832,1.0,1,1946.678954964728,4797.887925437371,2764.86
100245,West,Second Class,Van,WH-D,Rain,24.389722329475813,32.242229202834054,89.19810089087625,3.975752071434989,3.0,1,696.939954614776,2391.041655623261,1636.26
100246,Central,Second Class,Truck,WH-C,Clear,162.8765630528963,7.343261848742301,86.63198043898636,3.021340435032537,3.0,1,1048.3013749034365,1334.9790202579895,111.38
100247,West,Second Class,Van,WH-D,Storm,216.96250958121493,3.016334834923065,95.31150754985865,4.9785263091047,3.0,1,1234.314349810047,847.8504840447699,-477.15
100248,East,Second Class,Mini Truck,WH-D,Clear,132.7529334264494,68.72623949431694,100.89755768752316,4.343739261192871,3.0,1,1539.4470390689792,3544.716948618084,1823.11
100249,South,Standard,Mini Truck,WH-C,Clear,21.62475040895808,32.220203014892355,87.71830563507632,3.0697847237454976,5.0,0,818.4375763379752,2077.820558835502,1135.42
100250,East,Standard,Truck,WH-A,Clear,105.19667787196052,25.656293736945685,97.63783946474554,4.542747132022618,5.0,0,1045.1714474172036,1974.2155652875465,814.04
100251,West,Second Class,Mini Truck,WH-C,Clear,156.37794202222224,32.14648742687372,100.70778728030037,3.4130953608722043,3.0,1,1290.5237100806153,2442.056178197805,1035.59
100252,Central,Standard,Truck,WH-C,Clear,225.4747936902231,7.291632265932247,84.97959738707192,3.981909421736716,5.0,0,1252.9599617113329,1601.5337984366956,161.02
100253,East,First Class,Van,WH-B,Clear,207.88815016993345,28.298697640191143,94.37651339918268,2.6945488056991778,2.0,1,1433.4927404627176,2214.842656001648,748.08
100254,South,First Class,Truck,WH-D,Cloudy,122.45698433110928,15.374227819885654,105.87726120275023,2.5209079031157247,2.0,1,1041.7743048951409,1306.3832893902932,147.11
100255,South,Standard,Van,WH-D,Rain,86.40167786502184,27.18584101433878,99.31164610654425,4.2450894692658485,5.0,0,1026.0196481482349,1878.3001657925224,751.56
100256,West,Second Class,Mini Truck,WH-B,Clear,125.81538266821065,21.0928430397824,84.77725710562628,3.318856713237876,3.0,1,1028.6670423763903,1672.3015851590606,541.09
100257,Central,Standard,Van,WH-B,Clear,38.50262641980363,31.110143805316383,99.95003677446968,3.32099987704572,5.0,0,833.7321032015512,1980.2142414861053,1031.26
100258,North,Same Day,Van,WH-A,Clear,91.66423644312282,23.365506216620705,91.51357923463004,0.857756968443354,1.0,0,864.3072342148571,2025.67699564368,1060.69
100259,North,First Class,Truck,WH-A,Rain,248.38255068639623,20.184910805642566,100.14784158055656,3.919493556924268,2.0,1,1510.458369178025,2115.140889240869,488.1
100260,West,First Class,Van,WH-B,Cloudy,125.59142834795432,14.164836442479968,91.85950940039535,0.9497765284894,2.0,0,1027.7043753564478,1770.329784275978,633.45
100261,North,Standard,Van,WH-B,Clear,160.14979355321788,7.580764214951824,95.6818053335282,3.2045913836636823,5.0,0,1099.989176403497,1280.317867663263,116.3
100262,Central,Standard,Truck,WH-B,Clear,51.90695379666147,6.2546563851911685,92.7747433886223,3.2716068846407893,5.0,0,630.2531720045903,1508.1996515424382,754.6
100263,South,Standard,Van,WH-A,Clear,224.63341693782303,10.738634913405695,96.01894633643104,4.680739624252967,5.0,0,1410.5974455694543,1780.617905346678,234.96
100264,North,Standard,Truck,WH-B,Clear,118.80865704204577,42.51802114907797,92.59631895653392,3.947968702701541,5.0,0,1251.489275911844,2657.599056801135,1315.08
100265,Central,Standard,Van,WH-C,Clear,157.09564298131457,13.57703137827952,94.65877055067314,4.218896777060783,5.0,0,1084.5772608212594,1749.5359958354804,489.58
100266,North,Standard,Van,WH-B,Storm,176.66387022395105,17.947521262284432,88.94636995013593,5.743222921486362,5.0,1,1212.051949345703,1631.0606707121624,262.26
100267,South,Same Day,Van,WH-C,Clear,220.11427443526443,18.066397082401544,98.94395757248397,1.7551663358881586,1.0,1,1465.505676004384,1355.5402291246291,-249.5
100268,North,Standard,Truck,WH-B,Clear,143.70350355437293,21.32162895734864,97.05171125186357,3.742744706020603,5.0,0,1166.2789867479123,1717.2141145096748,411.82
100269,North,Standard,Mini Truck,WH-C,Clear,120.45347293675128,38.15238152039051,86.3008069553751,3.850260304461416,5.0,0,1277.1592409931434,2653.4709883715336,1265.26
100270,North,First Class,Van,WH-C,Clear,59.967803297265725,23.212735258955192,101.95749996121155,1.1928067030042862,2.0,0,950.707247480338,1810.0799956976168,709.42
100271,North,Second Class,Mini Truck,WH-D,Clear,48.65848418596273,47.384058824341885,94.94227224207302,3.255847145722555,3.0,1,936.1767174521711,2653.970888690256,1552.82
100272,North,First Class,Truck,WH-A,Clear,142.0618434976525,10.837685669413156,96.97057437741546,1.6149439479460346,2.0,0,947.307582227374,1255.5833560390422,169.99
100273,North,Second Class,Truck,WH-D,Clear,157.67395173521084,44.42713412546961,100.58737003217512,3.567670054121727,3.0,1,1244.6825876459438,2283.0877534120905,948.37
100274,West,First Class,Truck,WH-B,Cloudy,172.4817114912355,63.986900911263234,97.9694534541599,3.2452192225231675,2.0,1,1700.567105386988,3898.180720515925,2089.0
100275,West,Second Class,Truck,WH-A,Clear,77.06358086760811,28.065123138316828,102.9912189507654,2.5109590059449705,3.0,0,980.3527752439632,1953.2154393648325,842.78
100276,South,Second Class,Mini Truck,WH-C,Rain,92.18748949232776,12.845170444651536,94.24022686676751,3.4036745974820266,3.0,1,883.5037872887846,1346.669462508651,323.84
100277,South,Second Class,Truck,WH-A,Clear,140.60460100826472,38.615366234955694,102.20657631736223,3.53164985292416,3.0,1,1217.2366574638777,2352.560631970225,1028.04
100278,East,Standard,Truck,WH-A,Clear,99.36036883028248,28.38616137766921,96.73754770684393,4.530875711696806,5.0,0,1017.1211580720188,2371.153415652596,1263.87
100279,Central,Standard,Van,WH-D,Storm,429.9190479724193,34.52682326158669,99.04580054704014,7.077175363138523,5.0,1,2425.3292863809547,3106.211273385495,515.43
100280,Central,Standard,Van,WH-A,Rain,90.98679638360012,48.21433325655176,98.42177503678742,3.8955839885070978,5.0,0,1259.3107439321363,2554.1110311867083,1222.33
100281,North,Standard,Truck,WH-C,Clear,163.80947777383912,22.0265199013452,103.44438195185715,4.421939051038138,5.0,0,1232.2532460219302,2223.000557504912,913.69
100282,North,First Class,Van,WH-A,Rain,204.4456876574744,19.72526483322905,100.32847424135576,3.2443433217983504,2.0,1,1416.318259024762,1881.2946967158407,401.43
100283,South,Standard,Van,WH-A,Clear,211.3972922097016,111.44214681378932,93.34232711814091,5.610228848551539,5.0,1,2224.530630671617,5262.681157904651,2961.17
100284,South,Standard,Van,WH-A,Clear,98.30928166191732,38.92236683217853,92.1523977360009,4.012881881758458,5.0,0,1175.763095764472,2382.6035499148475,1053.18
100285,East,Standard,Van,WH-A,Rain,177.14545644385785,53.287638140545,95.701475114431,6.369349928762022,5.0,1,1622.252811264316,2947.9677583109296,1170.89
100286,East,First Class,Truck,WH-B,Cloudy,165.0550785438586,46.54528547049271,91.43939135352451,3.873110102804864,2.0,1,1380.411217713437,2535.600713570471,1047.78
100287,North,Standard,Truck,WH-B,Clear,181.41066912036823,53.68233291905754,89.68684679204192,4.0813551863140285,5.0,0,1639.248780476806,3360.500596717997,1593.88
100288,South,Second Class,Van,WH-A,Cloudy,139.54048868523356,35.26249527799742,83.23168518421176,3.6189579243823777,3.0,1,1295.8246921889345,2335.971485439455,930.51
100289,East,First Class,Van,WH-B,Clear,205.2545843424591,49.86336989372272,86.70442345302774,2.964955439780429,2.0,1,1637.9976225544667,3218.568691189208,1512.29
100290,North,Standard,Van,WH-B,Clear,,18.025921496781976,107.91243816666916,3.3111118516015874,5.0,0,1146.0215267839,1825.2137748975445,491.56
100291,Central,First Class,Van,WH-C,Storm,55.22307819658539,7.416117215212116,92.06099850222134,2.391092147329587,2.0,1,813.8220445834017,1318.349272770224,346.41
100292,North,Standard,Truck,WH-D,Clear,146.59682413849535,14.908361859347576,107.42076179892688,3.632548550635133,5.0,0,1000.7383806234031,1118.895332752728,-4.25
100293,Central,Standard,Truck,WH-C,Cloudy,156.47608673442892,25.75958001342457,98.41892760693348,4.459591015232218,5.0,0,1295.0627727127376,1843.830934292852,468.72
100294,North,Second Class,Truck,WH-D,Cloudy,197.38289273978413,23.58415797114484,95.70145187018338,3.64396319595296,3.0,1,1331.03544770776,2193.8283986855777,760.67
100295,Central,First Class,Truck,WH-A,Clear,142.15920166010616,28.49037472098204,86.9963692990726,1.9053200916516648,2.0,0,1230.29247658882,1819.8131288515165,503.76
100296,Central,Standard,Mini Truck,WH-A,Clear,319.1890305268528,17.28830950142302,96.02801337345628,4.201598153556625,5.0,0,1757.4227492573866,2124.7622869554675,253.92
100297,Central,Second Class,Truck,WH-D,Storm,122.93483489334815,5.015638361265228,107.35310260180938,5.482899453232172,3.0,1,913.2049699021844,864.2008155314616,-169.85
100298,Central,Standard,Truck,WH-B,Cloudy,95.25114813273036,21.613061188026773,105.34582046410044,3.928596959860013,5.0,0,938.5231673812274,1796.8593876576056,760.28
100299,West,Second Class,Truck,WH-D,Cloudy,266.04141055233606,9.780778984898667,97.64543191618549,3.5232427141419844,3.0,1,1546.302550545439,2053.041738904368,447.64
100300,West,Second Class,Van,WH-B,Clear,120.98162540283089,27.712458211081824,89.10798980456991,2.816185755009783,3.0,0,1074.0098797507533,2264.490366579111,1005.86
100301,West,Second Class,Mini Truck,WH-A,Clear,134.70471820896284,36.31236750616812,90.25700792850508,3.870756298234245,3.0,1,1187.0749353787685,1959.653221150338,654.26
100302,North,Second Class,Van,WH-D,Clear,156.51325736180996,21.33040104242046,90.88444893964524,3.144887679061267,3.0,1,1128.2548430025784,2104.371953942282,850.14
100303,East,Standard,Van,WH-C,Clear,149.19051460968538,12.246792304444757,103.6689295641762,2.870864547307442,5.0,0,1104.46237793457,1989.4805905487303,789.8
100304,East,Second Class,Mini Truck,WH-D,Clear,180.6067665650395,29.4284416237844,105.79032261665256,4.988940524259462,3.0,1,1451.425351217444,2942.6269640613127,1435.87
100305,Central,Second Class,Truck,WH-B,Cloudy,191.0226056383144,115.01820014028291,97.17535700980552,3.916438281835509,3.0,1,2086.290788588976,5633.301229846889,3439.93
100306,East,Second Class,Van,WH-A,Rain,90.10854720819523,38.91151307170403,94.18151738686107,3.954415323240045,3.0,1,1271.7999259951887,2099.727900728166,729.24
100307,South,Standard,Van,WH-C,Clear,63.34635929689316,40.70200152777802,105.2922629799659,3.011098504343449,5.0,0,1027.0588432037175,2569.3689992960794,1407.48
100308,West,Standard,Van,WH-A,Clear,68.35751741228529,19.844075973973386,90.12855875481029,2.5891003654331843,5.0,0,844.3953093685633,2076.1268179384683,1090.02
100309,South,Standard,Truck,WH-C,Cloudy,250.23859867158723,15.729922488847976,96.3109399656022,5.049472771229021,5.0,1,1460.4440464479435,1801.3944872475042,204.17
100310,North,Standard,Van,WH-B,Clear,115.1897145317325,53.75538911041146,98.77779599727678,2.7891757760586326,5.0,0,1326.2482534980095,3310.8235030733936,1839.99
100311,East,Standard,Mini Truck,WH-D,Rain,203.4390044477497,3.434432581859711,90.8231963569416,5.2107584821232,5.0,1,1216.6006562674338,1086.7978963971964,-302.93
100312,East,Standard,Mini Truck,WH-D,Clear,193.8885008362713,16.910507925372663,92.18451467165217,5.010782717916637,5.0,1,1207.2210723649775,1884.6869159511623,553.82
100313,South,Second Class,Truck,WH-B,Clear,134.68841752949902,72.54635059299349,91.71757452487438,3.52844239183733,3.0,1,1523.4419573811692,3176.805595294319,1504.89
100314,South,Standard,Truck,WH-D,Clear,76.33684020852985,26.62711807118768,104.50036113592851,3.138861471486055,5.0,0,995.389407035201,1711.6529536213063,588.98
100315,South,First Class,Van,WH-A,Rain,196.48510541916303,8.242953926750769,107.48620366234252,3.145905634579604,2.0,1,1166.5503122619427,1465.3752771505588,255.33
100316,South,Second Class,Van,WH-A,Clear,132.0586651068804,36.97782345233601,96.68875518141937,3.049128208831442,3.0,1,1252.0714091758532,2352.023705737044,995.36
100317,South,First Class,Truck,WH-D,Cloudy,60.72028221190887,21.42469835023253,94.39068847774328,1.91727127519415,2.0,0,794.9183782815468,1398.2806717213357,523.73
100318,West,Standard,Van,WH-C,Clear,99.86229005175964,6.721079547842212,92.40095355004024,2.465915692840973,5.0,0,758.3295903600953,1110.2390953899326,233.81
100319,South,Standard,Van,WH-B,Clear,45.93604490547886,32.74737297982922,96.01047788070196,3.509128293394878,5.0,0,967.7300304166376,2209.498816180372,1159.45
100320,Central,Second Class,Van,WH-A,Rain,102.71975906883952,29.741190928058987,92.69866949137926,3.775783965494077,3.0,1,1023.6966285949784,2093.5039248125977,938.61
100321,Central,First Class,Van,WH-B,Clear,138.71107541229892,28.65428816841008,95.41781854586868,1.5989626214618542,2.0,0,1109.8307238546258,2153.7772786094383,899.61
100322,East,Standard,Van,WH-C,Clear,124.0701409186518,38.57196076595709,98.47939693802354,3.767026630963892,5.0,0,1205.1836991746777,2672.052963531377,1314.74
100323,South,Second Class,Truck,WH-D,Clear,115.55974763809432,11.637958738416312,93.56812234325778,3.1753782252632865,3.0,1,877.1259199133102,1364.459302625078,320.66
100324,East,Second Class,Mini Truck,WH-D,Rain,137.89148578861898,34.83659066495299,94.86247162431542,4.051035346929939,3.0,1,1262.0661480474105,2711.7895904507063,1398.38
100325,Central,Second Class,Truck,WH-B,Clear,174.6195471320077,31.12077548455202,94.88727308956616,3.5792028665286635,3.0,1,1339.5682444640056,2049.586886725237,641.98
100326,West,Standard,Mini Truck,WH-B,Clear,212.3700172563819,53.08528933872774,94.09461939164316,4.945501204963335,5.0,0,1694.773898928715,3681.507664198021,1774.26
100327,Central,Second Class,Van,WH-A,Storm,228.07050760278184,16.750162699719155,93.35131273790272,5.072614605681781,3.0,1,1463.3425783201512,2125.2927538979006,516.62
100328,East,Standard,Mini Truck,WH-A,Cloudy,83.944446683864,58.67519560876859,100.57317961762084,3.9494918390423246,5.0,0,1228.7014494001055,3091.757992036106,1745.2
100329,West,First Class,Truck,WH-B,Rain,240.3103663297376,46.06002559705609,85.37558382614134,3.9499153037728414,2.0,1,1777.7377366942248,2910.509956023889,1021.65
100330,South,Standard,Van,WH-C,Cloudy,132.1774478573562,25.947732629832487,105.44567915400758,3.901276769396184,5.0,0,1141.3477463300464,2075.617143979809,826.26
100331,West,Standard,Mini Truck,WH-A,Cloudy,108.16495704910172,28.64294955359185,96.81317677921798,3.5362772089715704,5.0,0,1040.776988229434,2232.7967381928675,1149.7
100332,South,Same Day,Van,WH-B,Clear,69.70697695859705,3.741001183745911,99.6601054559191,1.038736998428944,1.0,1,761.2818458680892,1341.2676723161835,497.02
100333,West,Standard,Van,WH-C,Clear,20.197925819686503,28.12688817713829,100.35046669889326,2.966617415131356,5.0,0,717.8461446943219,1570.03020520292,746.1
100334,Central,Standard,Van,WH-D,Cloudy,167.92321878865368,44.15150026375609,91.75164503981657,4.213039148942204,5.0,0,1494.409379048586,2889.37945935762,1310.03
100335,North,Standard,Van,WH-D,Cloudy,164.34042627823695,23.36810491409496,90.51384866292454,3.830755133407719,5.0,0,1288.7888889928984,1454.6721909207563,76.36
100336,West,Standard,Van,WH-B,Storm,94.44994352351613,53.00644448344497,89.80638429207704,5.9840044738540366,5.0,1,1371.9832287978302,2939.929667254368,1368.39
100337,North,Standard,Truck,WH-B,Clear,96.13929867042388,37.37199548422993,94.51759182102847,4.16787564550004,5.0,0,1129.6051184075511,2756.664691954365,1525.87
100338,West,Standard,Mini Truck,WH-D,Clear,121.44112540340018,85.53356192826588,100.19522814930616,4.433933784677642,5.0,0,1654.3226375621691,3914.467120945599,2140.41
100339,North,First Class,Van,WH-C,Clear,107.06134547446678,17.601550993021245,92.49742784867506,1.6811043393065337,2.0,0,938.5214388087492,1261.7599130809317,204.75
100340,Central,Second Class,Truck,WH-B,Cloudy,81.58485100928954,41.61981498540913,99.64758984106984,2.792045034039284,3.0,0,1081.4202134258178,2583.604476149262,1371.55
100341,North,Standard,Van,WH-C,Clear,64.81884661467768,10.010953697767729,82.0,3.3470668492602487,5.0,0,573.4364154138467,1643.947455464744,977.22
100342,Central,Second Class,Mini Truck,WH-A,Rain,241.7676894992537,24.81370472756421,93.6865967881485,4.5815919786471415,3.0,1,1598.8803441861942,2259.451483517428,506.93
100343,Central,Standard,Van,WH-B,Cloudy,99.55650515779774,38.730298106135,103.00282420566936,3.4575763959560297,5.0,0,1154.5026764881643,1974.7985630967776,694.77
100344,West,First Class,Van,WH-B,Clear,163.82428984195155,43.20075952628613,94.97417226580238,2.059556748818109,2.0,1,1450.3020271658925,2315.7304804528176,800.48
100345,West,Standard,Truck,WH-D,Clear,181.85051603891625,22.16817561724108,91.025138183003,3.5507816749385115,5.0,0,1260.8347650735188,1994.158210557565,627.09
100346,West,Second Class,Truck,WH-A,Cloudy,168.37997025337734,56.44097968467983,92.0589406671744,4.174516162413737,3.0,1,1589.8928829422152,2953.030569649971,1259.16
100347,Central,Standard,Truck,WH-D,Rain,187.2876718434113,63.73204745788933,82.0,5.716046792642689,5.0,1,1627.5847153975324,3593.1071861943487,1863.16
100348,South,Second Class,Truck,WH-B,Clear,167.33782799045147,17.746291097416652,89.92918817752847,3.5926875882862173,3.0,1,1104.050604363833,1824.56593040138,592.69
100349,West,Standard,Truck,WH-A,Clear,89.07363468634502,25.329954069186407,102.3434482350755,3.373329765422152,5.0,0,826.6722546568267,1800.431419400077,841.54
100350,North,First Class,Van,WH-C,Clear,110.6499894312366,23.611403069779914,92.5043833986226,1.4265310560564826,2.0,0,1005.396096668665,2350.091871115066,1216.61
100351,West,Standard,Van,WH-C,Clear,238.2498191169767,19.83319182455072,93.21273382799264,3.1012355370861515,5.0,0,1420.4161017747083,2130.127764977058,587.85
100352,North,First Class,Van,WH-A,Clear,97.82548086764952,61.39641194407216,82.00912687778155,1.4339808584966862,2.0,0,1256.5313406358312,3612.047239135055,2242.52
100353,East,Second Class,Van,WH-A,Rain,132.28599732037154,60.98064521840882,86.21497324132463,4.233448533244931,3.0,1,1493.352757366507,3585.5247530441097,2057.46
100354,East,First Class,Van,WH-A,Rain,175.04420323768045,24.146132519266725,103.14029507159852,3.1584413757895624,2.0,1,1291.1778076699077,1995.1142110724927,566.71
100355,East,First Class,Truck,WH-B,Clear,285.4834254339329,41.49624358609139,99.70376448396937,4.050162577589531,2.0,1,1779.7573485169626,2842.115609217715,935.27
100356,East,Same Day,Van,WH-A,Clear,226.813158660824,,88.21536581136341,3.008253395504346,1.0,1,1863.085839571952,3134.214991827388,1195.6
100357,West,Standard,Truck,WH-C,Clear,74.42118937294157,33.0263713868292,92.21656565056068,3.323838248291648,5.0,0,962.0619687061084,2359.2358166958657,1277.35
100358,West,Standard,Truck,WH-A,Cloudy,160.93279444003758,22.93720449664194,95.8249659420073,4.621465463771925,5.0,0,1153.1940391859896,1798.7015065214953,512.83
100359,East,Standard,Truck,WH-D,Clear,150.7092501864946,16.85638063018753,88.82323360705946,4.070936286493211,5.0,0,1058.1069901154383,2143.0773497914583,933.98
100360,West,Standard,Truck,WH-D,Cloudy,111.21455019819018,43.91670161378525,83.97513669891839,3.872868703469613,5.0,0,1194.6613115068458,2482.553525762484,1160.03
100361,Central,Second Class,Van,WH-C,Clear,134.50623408698445,10.692727215580112,95.04473767536338,2.708922563425205,3.0,0,975.1376504349872,1502.0536236228734,405.66
100362,North,Same Day,Van,WH-D,Cloudy,88.5426064177391,23.35474798452267,99.43565137303943,1.525800332629045,1.0,1,1019.0480874547602,1789.5869119523047,627.4
100363,North,Same Day,Truck,WH-D,Clear,120.17404991724548,20.720754648289454,99.55114391837972,1.3879022323776171,1.0,1,1028.4217414439188,1691.0036378894094,563.31
100364,North,Second Class,Truck,WH-A,Cloudy,98.36946153216904,10.166785310926477,101.25142431325288,2.947759424165325,3.0,0,964.4271426300024,1906.4895856890128,817.64
100365,West,Second Class,Van,WH-B,Cloudy,140.30847542071905,26.661160797695032,86.67865642932105,2.240825660023399,3.0,0,1131.355822543083,1955.9157807165896,736.3
100366,East,First Class,Van,WH-D,Clear,108.82594633974408,24.973461644205308,96.34741145896164,1.9370206053659489,2.0,0,1048.3963222596103,1868.697950643235,671.44
100367,West,First Class,Truck,WH-B,Clear,297.2005718629954,14.41318476807475,94.38929181462528,3.479440733631161,2.0,1,1693.5192059675237,1716.6286509262598,-30.55
100368,West,Standard,Truck,WH-C,Rain,142.94232920179624,60.02913088951896,95.47667588701684,4.032450413095368,5.0,0,1586.953652595625,3348.6633202871844,1623.12
100369,South,Second Class,Van,WH-D,Cloudy,127.8015261167495,44.10198798986431,94.72931019819518,4.002814341492521,3.0,1,1358.334553423056,2680.59169878932,1211.64
100370,Central,First Class,Van,WH-D,Clear,116.48929327433729,28.93904015115438,92.03731091635493,2.1160243882124554,2.0,1,1069.8792475962089,1829.5509709615976,615.88
100371,West,Standard,Mini Truck,WH-B,Clear,108.99774597139688,48.200841078292825,82.0,3.296629580927161,5.0,0,1222.9975156199694,2721.7354376367275,1416.06
100372,South,Standard,Van,WH-B,Clear,60.72984898934733,55.09592675777529,102.97097412342404,3.272302031025623,5.0,0,1002.5700477948614,3155.3805806722767,2039.66
100373,South,Same Day,Mini Truck,WH-A,Cloudy,203.17552989276464,61.63329229486836,97.97994099285052,3.455882594052909,1.0,1,1733.5706438592847,3764.527773367462,1918.84
100374,South,Same Day,Van,WH-B,Cloudy,266.24847555426936,17.528623280844037,87.09426127478096,3.0450343630803665,1.0,1,1607.6359261000405,1951.3350939111283,218.51
100375,North,First Class,Truck,WH-B,Clear,97.48060866845428,48.18963562422279,98.83878991795652,2.136001351011676,2.0,1,1255.6959216310468,2821.419946986986,1492.39
100376,North,First Class,Van,WH-B,Cloudy,237.5808825993072,25.04297129071137,93.31617115799118,2.8029186382202163,2.0,1,1515.2646633363563,2089.029729784466,441.5
100377,Central,Standard,Van,WH-B,Cloudy,427.5940056574358,32.31493557340051,93.48616610149362,5.477432049221317,5.0,1,2404.879644569098,2672.026336483133,221.75
100378,East,Standard,Mini Truck,WH-D,Cloudy,345.2599364880879,18.160646925025908,91.3895123910658,5.775257436374392,5.0,1,1839.6168336292208,1881.679211358967,-44.56
100379,South,Second Class,Truck,WH-D,Clear,259.91728128653864,28.07188653523237,99.2215828359136,3.9393396789966304,3.0,1,1593.7354331899217,1945.420431094862,296.38
100380,West,Second Class,Mini Truck,WH-C,Clear,65.70356478899917,48.60902402907205,91.2010585709028,2.6025798333756107,3.0,0,1051.6320727503755,2589.797661198302,1399.18
100381,East,Second Class,Van,WH-A,Clear,65.21742232111069,70.88772262150579,89.4189918834564,4.177282456773783,3.0,1,1222.5943803720695,3837.1380366303474,2490.54
100382,Central,Second Class,Mini Truck,WH-B,Clear,186.79105530933208,26.32318264739103,102.79046886363598,3.342031816220104,3.0,1,1378.572722251189,2030.4006044833627,525.87
100383,West,Standard,Mini Truck,WH-C,Clear,133.0310938302691,14.759623880887837,94.92671154139964,2.9734603932547663,5.0,0,1033.48382152817,1513.8170054447116,318.77
100384,East,Second Class,Truck,WH-A,Clear,32.9253172721183,77.0798080873521,95.11508166004676,2.999911542521408,3.0,0,1263.1073826704871,3696.926978480531,2334.88
100385,South,Standard,Van,WH-B,Clear,104.18844631761722,17.045653494036742,100.15478472166,3.555000914239046,5.0,0,915.307046398734,1946.4509526032907,899.81
100386,Central,Standard,Truck,WH-C,Cloudy,182.3071334416403,7.566890440559695,91.99447979492294,3.8862505678969046,5.0,0,1138.649720071768,1183.5990343033868,-67.36
100387,West,Standard,Truck,WH-D,Clear,121.17464906831918,19.1912732744492,93.19108096411868,3.637358651994631,5.0,0,892.0734623219802,1816.6460873495423,817.59
100388,Central,Standard,Mini Truck,WH-D,Cloudy,133.40172131283683,4.108343459989716,97.83429161833702,3.023710688051912,5.0,0,953.1830757701288,1179.1236164501745,70.21
100389,North,First Class,Van,WH-B,Clear,65.15547203369205,53.501464832327976,86.7517343852174,2.023436254634711,2.0,1,1120.093764679774,2967.3172195628003,1664.36
100390,Central,Standard,Van,WH-B,Clear,103.40250349744792,16.24293204101842,97.32659428060929,2.8428219116476443,5.0,0,862.4308971468114,1664.4435256332188,707.11
100391,West,Standard,Van,WH-B,,187.22221944609748,12.049063352899832,91.4657312449118,3.604162381465497,5.0,0,1186.4995414748148,1609.155637480187,283.48
100392,North,First Class,Truck,WH-C,Rain,100.4488424310634,30.427857311444136,101.13283555473087,2.676262931474863,2.0,1,1073.4010709704708,2335.321965873521,1140.75
100393,West,Second Class,Mini Truck,WH-B,Rain,247.8842805718849,70.90776639331195,99.27997996109946,5.567374328183774,3.0,1,2126.469171272797,3933.3724959845135,1685.31
100394,West,Standard,Van,WH-B,Clear,135.1209977803768,37.803541883843465,98.48729014185018,3.591705845446957,5.0,0,1191.8111204418758,2915.846485947154,1605.38
100395,North,Standard,Truck,WH-A,Cloudy,167.577381107905,10.555140663990716,86.35824810867265,4.859349356284159,5.0,0,1123.4695213294958,1513.8546159675875,292.04
100396,East,Standard,Mini Truck,WH-B,Clear,184.9244004251836,92.90885800670748,95.37962762895708,5.5065604349486,5.0,1,1897.96201748844,4237.533804370148,2355.05
100397,Central,Second Class,Van,WH-A,Cloudy,180.92105639932572,35.08142242756872,88.93640063751434,4.085181240118888,3.0,1,1362.388728975499,2618.3295433023304,1092.22
100398,South,Standard,Van,WH-C,Clear,73.09980033650842,50.30975773285364,95.77881658213784,3.563492765564554,5.0,0,1144.193088725335,2941.374635769099,1711.5
100399,East,Standard,Truck,WH-D,Clear,81.22273185909822,8.799771276968848,82.10832193866156,4.0117580770198575,5.0,0,731.9925588001647,1288.728483811674,455.19
100400,East,Standard,Truck,WH-D,Clear,32.47401336214546,83.82876472797477,86.75500638974854,4.853748120782862,5.0,0,1278.2530288237651,3979.053454809617,2598.51
100401,South,Second Class,Van,WH-B,Rain,110.42563998887888,21.88410914346816,103.13420165304112,4.072865705819972,3.0,1,1065.8309074183114,1301.7075328168255,153.31
100402,Central,Standard,Mini Truck,WH-D,Clear,77.51982570435455,8.198602099394728,98.21431905603936,3.4094461593380188,5.0,0,722.4520416945394,764.3715504784191,-76.49
100403,West,First Class,Truck,WH-D,Cloudy,98.68877381576262,32.75960982236928,93.877104915122,1.993807134912664,2.0,0,1115.0650610914504,2634.3847712427755,1410.87
100404,North,Standard,Mini Truck,WH-B,Clear,117.0733312057264,50.29517637284323,90.54754006388266,3.718048596019494,5.0,0,1270.7575123479148,2775.573047563503,1419.89
100405,Central,Second Class,Mini Truck,WH-D,Clear,145.11066668595572,41.36463309000854,89.49447649447744,3.7494330596813614,3.0,1,1302.2101597674853,2874.4603643430974,1457.02
100406,Central,Standard,Mini Truck,WH-B,Clear,122.21525377920403,40.91899700015144,97.20093453053116,4.384494516932548,5.0,0,1248.542051213596,2174.151024498206,816.77
100407,South,Standard,Truck,WH-D,Rain,120.93632134554258,39.13115587047875,93.93820614244592,4.693138888863879,5.0,0,1249.0901427745894,2242.954727658103,851.39
100408,Central,Standard,Van,WH-B,Rain,160.34526621450362,30.91575268596526,105.27988309990366,4.29753579489332,5.0,0,1361.892010941487,2433.080317973216,1008.1
100409,North,First Class,Truck,WH-B,Clear,130.1233854458447,8.771739641771259,94.8914176799379,1.6021036229726744,2.0,0,967.059701660596,1341.92294126517,293.05
100410,Central,First Class,Van,WH-A,Cloudy,211.24208316799337,24.79640798041565,96.3523229534672,3.0223412289240708,2.0,1,1448.2461949634603,2256.916045955528,673.28
100411,West,Standard,Truck,WH-D,Clear,130.35718830715726,22.5750214790787,87.66897919166777,3.238266413887368,5.0,0,1052.1948980460306,1889.0856136754217,749.28
100412,West,Standard,Van,WH-B,Clear,286.42573391237266,61.78008363914163,93.83580464893716,5.09161806113982,5.0,1,1986.683460482457,3611.291508328,1546.23
100413,North,First Class,Truck,WH-D,Clear,,53.549014314788224,97.06194843040792,2.3027974429239864,2.0,1,1076.3955418769983,2793.1730791520927,1627.44
100414,Central,Second Class,Van,WH-A,Clear,109.29124956305492,20.60867452627777,93.76328573272087,2.4430996773231306,3.0,0,889.2213553912745,1481.353217229554,485.67
100415,North,Standard,Van,WH-C,Clear,89.51104613952597,45.58539349845208,93.0862287985546,4.064157779424665,5.0,0,1239.091149118291,3044.04015842545,1698.35
100416,South,Standard,Van,WH-B,Cloudy,148.24028877850824,27.175753629750915,97.96145775369196,3.478300782982522,5.0,0,1086.5185516476954,2491.33843426432,1302.17
100417,North,Second Class,Truck,WH-B,Clear,71.26099745652891,7.593950111733219,105.08893968936592,3.186688379551492,3.0,1,796.7314123430016,957.1641609815682,86.43
100418,West,Second Class,Truck,WH-A,Rain,52.234895605533374,3.7851839835089054,96.86981622184696,3.1607754314020937,3.0,1,599.2957614779555,761.8400279615614,25.48
100419,North,Second Class,Van,WH-A,Cloudy,79.75013676086583,42.335760841914,102.86511770083882,1.939300729373396,3.0,0,1165.0786894774044,2465.365872556767,1143.87
100420,Central,Same Day,Mini Truck,WH-B,Rain,54.68338689803595,13.225370392799778,99.72961426511267,2.260599916735901,1.0,1,626.865570232965,1486.1029250586444,816.1
100421,West,Standard,Mini Truck,WH-B,Cloudy,117.96063521417408,13.181474423811087,102.50612024800712,3.9081179703487794,5.0,0,954.5540486332976,1467.7706195011674,457.59
100422,North,Standard,Van,WH-D,Rain,144.87886995507267,17.383939011742434,92.34168045992016,4.087842311475997,5.0,0,1198.405157343091,1846.2516646772733,502.75
100423,North,Standard,Truck,WH-B,Clear,47.20400255407115,42.90927585287953,94.7584350300936,3.0010359024854107,5.0,0,997.8533523471328,2503.2074501039087,1340.41
100424,North,Standard,Van,WH-A,Clear,105.39754049822253,53.98507871236932,94.783358575412,2.939240086280468,5.0,0,1266.4726750434197,3012.490778604526,1710.54
100425,West,Standard,Van,WH-B,Clear,226.48460750777045,53.30014970430392,99.27766341938386,5.286732611553253,5.0,1,1638.9734406073626,3836.347666470003,2058.83
100426,Central,Standard,Truck,WH-C,Rain,261.76127328480936,6.836378728194742,100.75447693327118,4.922923902490536,5.0,0,1403.108730775058,1399.6518706852305,-170.78
100427,South,Standard,Van,WH-B,Clear,195.27525220580955,16.856517268253477,96.75033714667134,3.5565701646476384,5.0,0,1353.3865021759243,2202.0298333702262,768.83
100428,Central,Second Class,Mini Truck,WH-D,Clear,23.83636552441771,14.95062598412384,101.26023946425518,2.323684045969601,3.0,0,595.4722529158171,1772.745012260874,1011.98
100429,North,Standard,Mini Truck,WH-B,Cloudy,137.6739489489388,42.89044373599498,92.62001113811176,3.3517821245530928,5.0,0,1304.8619136311595,2803.673346722061,1395.04
100430,Central,Standard,Mini Truck,WH-C,Clear,240.664120774854,17.049068698339447,101.31226531739476,3.919885300622981,5.0,0,1474.183866845146,1399.5270688192547,-195.67
100431,Central,Second Class,Truck,WH-A,Rain,99.30687619222827,25.9029844481811,102.0948566531152,4.181239579559604,3.0,1,970.1401122133566,1970.8301587676333,915.86
100432,West,Second Class,Truck,WH-A,Clear,61.39624401407127,45.26710492674621,100.06497807554798,2.917569091249092,3.0,0,1065.8481488696464,2501.989537092797,1291.11
100433,West,First Class,Mini Truck,WH-D,Clear,231.04702683914732,29.24784160350879,96.80501870088727,2.436222613395902,2.0,1,1507.642375706718,2332.3253021039177,685.48
100434,Central,First Class,Van,WH-B,Cloudy,249.2939408612009,34.99168301393354,100.2799399944298,3.0343703135971407,2.0,1,1686.3395211026746,2312.671349982665,455.97
100435,North,Second Class,Van,WH-B,Clear,129.59048664371198,25.286071359189943,90.63597320856906,2.566399205283881,3.0,0,1065.8862836625835,2183.1980748704127,956.89
100436,South,Standard,Truck,WH-C,Clear,61.76064924280438,50.67926099444978,97.19017358616124,3.8558826268362174,5.0,0,1005.1263410044238,3083.227343203905,1968.42
100437,North,Standard,Van,WH-A,Clear,43.26721276048534,53.72468877195519,97.80306286095072,2.874705567161901,5.0,0,1027.7793631512786,3211.925231819906,1965.35
100438,East,Second Class,Van,WH-C,Clear,156.54573467260232,39.120311232516485,88.02290602109109,3.4280647173731675,3.0,1,1362.596167039481,2472.809470150177,952.94
100439,West,Standard,Van,WH-B,Cloudy,89.96148952864314,53.85450192675674,98.84750551763712,3.3408013828331864,5.0,0,1263.3007422404892,2743.5454788566203,1351.33
100440,West,Standard,Truck,WH-A,Rain,125.04524454965046,110.76820122051475,88.50708764590911,5.017863020923236,5.0,1,1925.7823788204264,5322.193440686628,3321.31
100441,Central,Standard,Van,WH-B,Clear,117.60111804110534,44.79233173759661,93.4324902125434,4.118657737899505,5.0,0,1291.3006363190063,3152.809199039846,1805.06
100442,North,Standard,Van,WH-B,Clear,77.1898712598503,27.771320298909032,96.2385657556578,3.4637781614208087,5.0,0,919.933088146187,2011.599348279657,1032.24
100443,West,Standard,Van,WH-A,Clear,41.68321125568003,35.4990672082594,91.61558169220316,2.501005762526722,5.0,0,865.3174692284103,2337.068605702106,1394.43
100444,North,Standard,Van,WH-C,Rain,100.84572637379873,57.12223522865018,96.49532423172192,3.900258883257869,5.0,0,1308.880335280212,3093.436384691045,1626.35
100445,South,First Class,Mini Truck,WH-C,Cloudy,140.68531651999152,21.70504198322821,96.39934194261733,2.470065139379169,2.0,1,1177.6550374462638,1752.157613624716,447.45
100446,West,First Class,Van,WH-B,Clear,144.3612438064734,20.527260516281626,91.07891016384696,2.702660081036355,2.0,1,1125.3420277561263,2004.4551231214784,790.58
100447,Central,Standard,Truck,WH-D,Clear,86.56756006996665,35.12399180410026,99.407846752946,3.246590431512466,5.0,0,1011.054509150004,2264.016604847033,1147.72
100448,West,First Class,Truck,WH-C,Rain,246.58151081182424,27.441206769263346,91.4150609801626,3.5619890212722907,2.0,1,1517.0686669021648,2387.493304575624,769.45
100449,North,Standard,Van,WH-D,Rain,65.70282434062041,14.841394409273372,109.72784624840816,3.767376967363884,5.0,0,882.0014034993155,1609.1147856847615,589.11
100450,West,First Class,Mini Truck,WH-A,Clear,19.496112675420004,31.80016334051729,95.34312706001636,1.21489022047965,2.0,0,707.8122053823813,2130.3784195401404,1343.32
100451,North,Same Day,Truck,WH-D,Rain,216.9485518139621,64.12452873063998,88.9722351300598,3.03221496831682,1.0,1,1834.9066354291565,3766.703314876386,1809.56
100452,Central,Standard,Truck,WH-B,Clear,138.1939959587644,38.32063112902709,90.09394940271736,4.530082820315367,5.0,0,1382.7264819863613,2291.6817424387827,788.45
100453,West,First Class,Van,WH-C,Clear,101.36251417378048,12.708321665701405,102.8854827881898,1.628596132990605,2.0,0,934.6064069409648,1236.8614097227503,221.97
100454,North,Same Day,Van,WH-D,Cloudy,167.7972705458846,42.11063130523143,93.54509010168928,2.1310710749657944,1.0,1,1505.9659970222474,2691.583674929573,1020.04
100455,North,First Class,Mini Truck,WH-B,Clear,113.63432106129,23.89015352514419,87.81741715302019,2.1321395311328564,2.0,1,989.6778812768408,1907.7272818004888,818.39
100456,North,Same Day,Truck,WH-B,Clear,51.796338897021606,89.89380961153813,101.1222764827666,2.005878851016271,1.0,1,1491.5166233158322,4178.617468573181,2611.85
100457,Central,Second Class,Mini Truck,WH-A,Rain,62.72584634052015,40.096652984237096,93.5065566733315,4.192203360878388,3.0,1,1025.3537047339134,2496.8294109176145,1331.62
100458,East,Standard,Mini Truck,WH-C,Rain,109.46434704104804,19.093081119214943,99.9205170667161,5.366239861119207,5.0,1,1032.352547337542,1949.6272649125644,805.37
100459,West,First Class,Van,WH-D,Clear,93.69833174452164,44.0435528819122,101.61339615393676,2.694539375249364,2.0,1,1268.195141070823,2939.189975191174,1546.7
100460,West,Second Class,Truck,WH-B,Cloudy,214.275096025764,33.24604921862484,97.64678123285128,4.293661725378418,3.0,1,1500.9921621191672,2802.110511315908,1232.58
100461,East,Second Class,Truck,WH-A,Cloudy,91.17887016411606,60.53119103697634,110.375444374112,3.694253561078981,3.0,1,1329.185727425705,2935.6068099362133,1467.99
100462,North,Standard,Truck,WH-B,Clear,87.88834664254908,20.453241540152185,85.65154504240066,3.7881899281707234,5.0,0,835.6471781080353,1444.6725590552653,422.99
100463,Central,Second Class,Van,WH-B,Storm,81.1888429234048,40.0403190565844,91.09229954836916,4.69365880447703,3.0,1,1178.514083998825,2395.260693051924,1150.95
100464,South,Standard,Van,WH-D,Cloudy,77.08444927075139,8.779785703093204,94.46429997237624,4.246261684625419,5.0,0,726.6372719582778,1292.4555006567384,443.42
100465,East,Second Class,Truck,WH-A,Clear,78.60784678402912,30.9361646067151,109.56704117164873,2.97658465956802,3.0,0,1044.1597202877806,2057.463878302179,930.79
100466,West,Standard,Truck,WH-B,Clear,56.86790938306239,12.446627074373389,106.78801482061328,3.2822463192389417,5.0,0,634.4566082791987,1237.174233170064,398.58
100467,West,Second Class,Truck,WH-C,Rain,141.44051232072957,32.56249699474264,103.73214520436348,3.619233015785614,3.0,1,1297.9641945466574,2215.8632479281905,764.51
100468,Central,First Class,Van,WH-A,Storm,119.12014804937196,37.14698074394778,91.23525635552454,3.924806877847845,2.0,1,1211.1261579904883,2546.829990367011,1215.83
100469,North,Standard,Van,WH-D,Clear,116.31832130137144,39.10443526006672,91.93491156137742,3.4218728177741027,5.0,0,1220.776084577211,2162.9359065269955,875.14
100470,East,Second Class,Mini Truck,WH-D,Clear,45.03072687709984,20.4321674868256,91.02863978915728,3.1069731635518507,3.0,1,730.1224224134917,2243.316966024928,1437.71
100471,East,Standard,Van,WH-B,Cloudy,159.95660226190742,31.530777595582585,91.29943867175542,3.9215389630136457,5.0,0,1254.0129373103357,2291.3398185496467,901.21
100472,East,Same Day,Van,WH-C,Clear,168.7261538738188,56.14916513337869,104.95622764365584,2.662754797206719,1.0,1,1541.2456387892785,3500.0872005984456,1896.53
100473,North,Second Class,Truck,WH-D,Clear,279.0462829397593,75.45165987160374,94.53739725962494,4.631071594637973,3.0,1,2101.6551230634955,4024.4451606713824,1859.38
100474,North,Standard,Van,WH-C,Rain,163.79748065198763,32.21383161332896,95.33101101213634,4.609771914385274,5.0,0,1382.0697709662436,2462.5484646112704,970.17
100475,South,Standard,Truck,WH-A,Rain,309.26071270574454,57.05965396863509,100.6463207215406,7.164954227001017,5.0,1,2075.61647991993,3549.9589018856177,1359.67
100476,South,Standard,Van,WH-A,Rain,85.35845032914737,15.791524067558989,86.01883215579615,4.0062832214026,5.0,0,852.3223962115405,1767.92522363178,792.3
100477,East,Standard,Mini Truck,WH-B,Cloudy,287.1058519645015,22.63531116696814,96.31587492761484,5.534313730866556,5.0,1,1709.131270319123,2127.270628424954,323.52
100478,West,First Class,Mini Truck,WH-A,Clear,166.68948472476436,34.45384520290883,89.41876962796248,2.280201778846299,2.0,1,1412.5438016861467,2797.178081987531,1242.43
100479,West,Second Class,Mini Truck,WH-B,Rain,155.383954728449,27.557468668115234,94.23351047665008,3.875732192140532,3.0,1,1257.5171740287913,1753.860966027826,416.51
100480,East,Standard,Truck,WH-C,Clear,114.64227097214074,25.72842764865004,92.48147583624473,5.193610748805256,5.0,1,1034.6929714346873,2221.3797959480603,1054.75
100481,East,First Class,Van,WH-C,Clear,101.12817798943404,53.57016640729056,92.17211552381248,2.5931353253079186,2.0,1,1275.7289596485912,3047.3769827412843,1654.15
100482,South,Standard,Truck,WH-A,Rain,89.24412668236756,13.993878061172836,97.3534908402382,4.234815023047303,5.0,0,768.7945764564262,1237.8251197595937,338.01
100483,West,First Class,Mini Truck,WH-A,Cloudy,292.3500718106169,15.03985747303455,97.32728041435507,3.8302229588300376,2.0,1,1573.607053999151,2385.761180746201,660.78
100484,South,Standard,Truck,WH-A,Rain,112.57244275511644,10.981470679762408,94.68107646459607,4.462638970950218,5.0,0,917.9438188322245,1882.100714432076,870.09
100485,North,Second Class,Truck,WH-B,Clear,168.32233917874825,35.103337375475746,98.22410605794694,2.731284567997652,3.0,0,1311.051860348682,1918.4393445839607,520.53
100486,East,First Class,Truck,WH-D,Storm,188.54510968784305,23.86880628736801,90.7883127548787,4.506516298300705,2.0,1,1295.440546043218,2090.591933194558,744.25
100487,East,Standard,Truck,WH-B,Cloudy,187.09885081203896,50.51391449534054,100.08951521423656,4.665248028320097,5.0,0,1628.1788709484788,3232.7223209672948,1565.21
100488,South,Second Class,Truck,WH-B,Cloudy,141.79903185976582,33.25686245860255,94.76280586705435,2.958919204165665,3.0,0,1250.683623936774,2429.4252328539287,1074.9
100489,East,Same Day,Van,WH-C,Rain,284.2619747012975,20.10730641772815,93.09801862717262,3.34313777907344,1.0,1,1682.886333237362,2454.6316004056134,665.51
100490,East,Standard,Truck,WH-A,Clear,161.17027778305427,18.04875683769732,91.23144712978213,4.450304452427823,5.0,0,1111.7110476278915,2102.867436720649,919.17
100491,West,Standard,Truck,WH-A,Cloudy,87.90791454651126,3.818200213009845,94.55161523719993,3.8531611413276616,5.0,0,755.9721747363577,1169.6226933573898,334.14
100492,West,Second Class,Van,WH-A,Cloudy,103.87437456383503,26.486547617829004,107.22383554107552,2.963311696714816,3.0,0,1076.1976828469278,2562.7385867953144,1323.22
100493,West,Standard,Mini Truck,WH-C,Rain,46.744647626920354,12.581652734949698,95.62011737938448,3.8792272310422,5.0,0,690.5782668066541,1596.4548003334394,765.22
100494,South,Standard,Truck,WH-B,Rain,150.3653695738592,54.32226911231084,89.13357878313937,4.916764315434941,5.0,0,1509.515160158861,3047.050267706278,1471.69
100495,West,Standard,Van,WH-C,Cloudy,176.01735686006666,23.103620463757373,101.51291440071029,4.200463825616692,5.0,0,1236.9876870147034,1856.6819212638125,525.18
100496,East,First Class,Mini Truck,WH-C,Clear,184.2899678789216,9.537873277461395,93.16842938524948,3.373683992068729,2.0,1,1165.3428533066187,1804.9965024689936,515.44
100497,East,Standard,Truck,WH-B,Clear,166.69119929246486,60.75248237900499,97.70255402611484,5.13064668117468,5.0,1,1649.7366319146329,3210.3999324960155,1472.59
100498,West,Standard,Truck,WH-D,Storm,114.86890907900349,26.74294151941656,92.36603669744052,5.450051748811505,5.0,1,1201.1065413472577,1920.5612442154163,637.76
100499,South,First Class,Van,WH-D,Storm,127.29901125037432,41.95345518120825,103.68463989685904,3.48172849537374,2.0,1,1416.2068750801068,2563.476544272875,1049.11
100500,East,Second Class,Mini Truck,WH-A,Storm,127.50786988515569,20.30304027529169,92.45544146012422,5.579210671232268,3.0,1,1136.0437573638717,1889.943044573402,605.73
100501,West,First Class,Van,WH-D,Clear,214.68065069570417,61.98544414298569,104.38714787146522,3.435463645980963,2.0,1,1793.4063961135605,3493.5074579453285,1548.75
100502,Central,Standard,Truck,WH-A,Clear,35.14284436517802,16.385765999465598,89.70443649282728,3.2848497831249057,5.0,0,628.0512935823556,1156.6735037169783,444.36
100503,Central,Same Day,Van,WH-A,Cloudy,97.1628426441296,23.861401088533224,94.24256168570712,0.9783996354398136,1.0,0,877.2785494774316,2172.1462926213867,1168.75
100504,East,Second Class,Truck,WH-C,Cloudy,68.18402192809957,7.214723367802611,104.39997471544068,3.1978035326534493,3.0,1,650.7096315635811,1095.7910652507996,335.31
100505,East,Standard,Truck,WH-A,Clear,345.7731968962188,61.09861727404157,97.00904534868803,5.947361458106749,5.0,1,2260.346461408838,4249.123028026646,1914.06
100506,West,First Class,Truck,WH-B,Cloudy,237.50785804142512,18.599352365930315,109.6287956508338,2.7267025637137343,2.0,1,1478.6739163730238,2010.287036194877,432.01
100507,South,Standard,Truck,WH-A,Clear,99.56534152524938,35.61851729391815,94.38515730457188,4.2394416898385,5.0,0,1165.412730359842,2649.5231430148783,1418.36
100508,Central,Standard,Mini Truck,WH-B,Clear,53.09346051581633,38.7596373801997,97.54225711776404,3.4679095647917646,5.0,0,1018.3532685760812,2526.1498279212565,1357.09
100509,East,Standard,Truck,WH-D,Clear,62.84082731286625,55.315870923022,107.4308956322929,4.659350392354542,5.0,0,1118.428612787507,3343.8806521021515,2061.12
100510,North,Second Class,Van,WH-D,Clear,213.12161557261905,33.97633705081016,86.91646069954639,3.538402886957914,3.0,1,1536.711592607819,2617.304465027608,984.96
100511,North,Standard,Mini Truck,WH-A,Clear,45.81985803404039,27.77969388164268,86.17349980091078,2.7251128685786337,5.0,0,769.661364534851,1996.896320461646,1139.95
100512,Central,Standard,Truck,WH-C,Rain,128.45982097805225,51.98893329377029,91.22695093674356,4.715734317959443,5.0,0,1420.5492063714148,3280.115665887894,1712.66
100513,North,Standard,Mini Truck,WH-B,Cloudy,194.6623473869437,38.36731555700414,100.88023613683995,4.123359341150342,5.0,0,1539.9457707267404,3229.843245110669,1537.33
100514,South,Standard,Mini Truck,WH-B,Rain,59.01000403742514,25.085276565977843,86.34089290000837,4.1664478140872765,5.0,0,924.008676027144,1792.0092821233045,797.01
100515,South,Standard,Mini Truck,WH-C,Clear,127.6873379572584,62.70969763220578,99.58229433937213,5.037671107876738,5.0,1,1433.1902981734838,3611.5374652781375,2073.53
100516,North,Second Class,Truck,WH-D,Clear,100.53102387195918,40.1948823812712,99.16024016693336,3.8427491043448496,3.0,1,1198.3123603975655,2507.0501428302955,1200.8
100517,South,Standard,Truck,WH-B,Clear,92.9993360600784,11.786579393218458,108.08634139921176,4.025437477474921,5.0,0,755.303355515942,1541.8035769737012,703.48
100518,West,Standard,Van,WH-A,Cloudy,83.89250927198663,69.37711178845234,102.27290955307424,3.771408177220126,5.0,0,1442.8026149934028,3597.876404044898,2031.56
100519,North,Second Class,Truck,WH-D,Clear,203.35446767399577,19.950784714861843,98.18430142498666,2.900078635538761,3.0,0,1337.9983944773317,1384.7321395503418,-38.77
100520,Central,Standard,Truck,WH-D,Cloudy,264.4657689723028,55.1543685309915,104.15479761091775,5.329206556296104,5.0,1,1925.3790594274249,3321.857708893277,1305.39
100521,Central,Second Class,Truck,WH-B,Rain,109.73580751437932,,99.2334236466892,3.328011664524701,3.0,1,810.6227426100077,1615.0620378625702,697.99
100522,South,Standard,Mini Truck,WH-C,Rain,155.7528083354469,51.79772624784787,93.2395796722368,5.834915248189868,5.0,1,1466.7457747062258,2857.366996604881,1332.74
100523,North,Standard,Van,WH-D,Clear,129.34354794585792,12.341766952745246,89.13236533770683,2.6398234495091843,5.0,0,1045.9154197644164,1732.0421412747494,648.1
100524,West,Standard,Van,WH-C,Clear,38.431096416173446,33.415521275814484,92.58380637784153,3.0111683067414488,5.0,0,808.1511046625883,2184.868073127649,1234.58
100525,North,Standard,Truck,WH-B,Clear,107.26022947002836,39.51764503044026,95.75955675271727,3.3907961526853807,5.0,0,1195.4622424332742,2446.8662914892284,1167.32
100526,South,Standard,Van,WH-D,Clear,33.32206253564716,25.437986136071668,97.05011043209764,3.128752945830564,5.0,0,745.4654146437723,2053.0770320557303,1122.89
100527,Central,First Class,Van,WH-D,Cloudy,95.66609914527228,29.91209500646866,83.18882641147945,2.2618134375403898,2.0,1,1069.2450042498374,2279.1164745983647,1030.86
100528,Central,Standard,Van,WH-C,Clear,125.71052617194084,14.371118678873506,94.68263799045604,3.841537435472506,5.0,0,996.25040077363,1677.5182247061955,588.99
100529,West,Second Class,Mini Truck,WH-A,Cloudy,186.3181610346668,48.62471315102531,96.17149061729668,3.588401853245563,3.0,1,1502.5685376437532,3237.086840296466,1542.65
100530,South,Second Class,Truck,WH-B,Clear,148.1348224218745,34.52819587698401,99.28522466927905,3.888874176272208,3.0,1,1272.8913328970093,2429.4887035819115,1013.78
100531,West,Standard,Van,WH-C,Storm,206.1810848423195,16.317747795759928,105.7608052950381,5.173728872223877,5.0,1,1490.7909446361612,1380.0338607077963,-198.17
100532,West,Second Class,Van,WH-B,Storm,75.86915145129647,35.34631828793728,97.1139212126716,4.214671026358806,3.0,1,1101.8455524825963,2185.1943492708706,1063.71
100533,South,Standard,Truck,WH-C,Clear,246.7411370499824,36.02497133893974,90.54262274251369,5.342015642232594,5.0,1,1638.3171979967308,2161.982351874712,389.58
100534,West,Standard,Van,WH-C,Rain,264.615322360626,30.824079915228115,85.09152369839117,5.2211414080595295,5.0,1,1813.579332134804,2611.963823579953,687.29
100535,North,Standard,Truck,WH-A,Clear,32.11993147521275,3.866764953059812,100.12206574867427,2.675603800859,5.0,0,602.7421754986227,1228.8029046948975,500.96
100536,South,First Class,Truck,WH-C,Cloudy,44.039190633285976,23.084134996479083,90.78547584313552,1.959916910860467,2.0,0,806.8253335689702,1991.8932335393804,1083.08
100537,East,First Class,Van,WH-C,Rain,124.04404879300093,48.18489518408791,101.20102186296808,3.884069155021829,2.0,1,1363.499360231428,2976.578979630193,1543.11
100538,North,Standard,Truck,WH-A,Rain,91.49999422773624,40.859279742004944,104.3845209129754,4.011845485789713,5.0,0,1198.0434299865162,2759.333902153437,1466.24
100539,North,Second Class,Van,WH-C,Rain,100.01693838606649,40.12078893382822,86.73555140412495,3.1209823079898538,3.0,1,1196.9390070100767,2110.4696340135265,778.8
100540,Central,First Class,Van,WH-C,Clear,147.39364556458008,34.36562629480201,99.32335535255378,2.41533745938099,2.0,1,1145.4318275047417,2344.310630770149,1101.28
100541,Central,Standard,Mini Truck,WH-A,Rain,210.5918875228264,51.5204491281389,103.75573446203606,5.116537546287693,5.0,1,1732.424106148937,2783.113467208312,953.3
100542,East,First Class,Truck,WH-C,Cloudy,73.43429795123357,19.868789707258472,102.11423595168168,1.9226303765478845,2.0,0,852.3422896928726,1597.61334198657,688.45
100543,Central,Second Class,Mini Truck,WH-B,Clear,229.44422527872536,17.071048362580818,83.42172337853727,4.127324410458379,3.0,1,1360.0500778868222,2265.762377262966,792.52
100544,Central,First Class,Van,WH-B,Clear,82.99010566087118,79.56051935929159,90.87808773123776,1.7610670667626254,2.0,0,1425.843225392128,4245.991221431322,2749.07
100545,North,Same Day,Van,WH-C,Cloudy,370.8121841724601,18.464528673246,88.31891696549746,2.752939526204518,1.0,1,1870.23791162076,2334.6853727123816,322.3
100546,East,Standard,Truck,WH-A,Cloudy,247.6916548282622,11.466278250797778,99.14083653088232,4.908509671760659,5.0,0,1339.529714677342,1636.158495071027,212.32
100547,South,Standard,Truck,WH-A,Clear,88.13928940896065,25.138243565858183,98.479959740913,3.65822660307204,5.0,0,1019.8681821748312,1665.5052803273447,545.99
100548,North,Second Class,Mini Truck,WH-B,Rain,53.87931100710685,31.54036221588843,82.0,2.9080720986956297,3.0,0,915.9935029619372,2142.27344496266,1040.54
100549,West,Standard,Van,WH-D,Cloudy,86.9302251984959,51.71547151690928,94.19501027203296,3.8552108267907146,5.0,0,1069.6281846035,3199.3312809554222,2030.43
100550,East,Standard,Mini Truck,WH-A,Clear,79.88511458652941,23.11724810808927,100.80431898204664,3.905273170020388,5.0,0,872.7630530498387,1924.716506677954,957.37
100551,East,Same Day,Mini Truck,WH-D,Clear,173.94858644776266,22.989314938255387,96.88785594734472,2.57737624363659,1.0,1,1302.854035267485,1590.2787259635368,156.93
100552,North,Standard,Truck,WH-A,Cloudy,32.711601229844,29.724301230646503,96.87760151699916,3.118079321107342,5.0,0,776.288318237113,2014.557053257245,1190.75
100553,North,Standard,Van,WH-B,Cloudy,44.41190655302312,20.55139716255366,93.81003787968774,3.948728069200945,5.0,0,812.5748510121578,1182.5624759558937,216.21
100554,Central,First Class,Truck,WH-B,Clear,171.273464811267,9.768747582012336,89.64635435355193,1.5578665275608232,2.0,0,1164.8127842378296,1680.5506030532513,370.95
100555,North,Standard,Van,WH-B,Clear,77.82674423628443,12.168481701868084,95.89766505665708,2.3144406470757994,5.0,0,710.1593518441897,1229.2385072796203,390.72
100556,South,Standard,Truck,WH-A,Cloudy,96.39457199439003,59.975325326974186,96.31256070741074,5.1395153144889845,5.0,1,1312.2822358801084,2946.792242051688,1642.71
100557,South,Same Day,Truck,WH-D,Cloudy,194.18697023440868,45.30521903987207,99.69152712199774,2.7788137056550863,1.0,1,1533.1715928002552,3075.6175356201256,1441.53
100558,East,Standard,Mini Truck,WH-B,Rain,215.6439460282616,29.08329335222173,100.17899954577275,5.7407733496054005,5.0,1,1434.6165748373714,2433.1687095312936,933.1
100559,West,Standard,Truck,WH-D,Clear,241.3344332628473,40.77984300970465,96.51516851497944,4.71739347807015,5.0,0,1598.9185367479413,2842.1357548454544,1093.87
100560,East,Standard,Truck,WH-C,Cloudy,185.4713110343305,46.112439299532845,102.569450187509,5.3718902548003005,5.0,1,1492.639090532737,3434.0480400318056,1794.57
100561,North,First Class,Truck,WH-C,Clear,112.6761346113449,19.14076156291623,93.75045199118536,2.104326947188696,2.0,1,944.7563720335164,1888.9159407552263,820.58
100562,South,Standard,Truck,WH-B,Clear,107.33724995236706,14.26175181139562,87.33585258072159,3.386942203584769,5.0,0,918.6831939047928,1373.9143862654523,387.34
100563,Central,Second Class,Mini Truck,WH-C,Cloudy,100.21233553505556,56.394426576869336,98.86232201650924,3.683796920045345,3.0,1,1362.1653837666777,3253.17138075537,1728.71
100564,West,Standard,Van,WH-D,Cloudy,59.154654020999466,4.8354283775903015,96.75827732633552,3.1600270240936936,5.0,0,683.787971158723,1018.7053197371198,234.1
100565,West,Standard,Mini Truck,WH-D,Clear,71.60984691654204,41.17238032136498,98.98158909407918,3.895333571062516,5.0,0,1082.896047101799,2810.137882135896,1554.05
100566,West,First Class,Mini Truck,WH-D,Rain,224.62120799902425,33.13073015200269,88.41329191030243,4.13889486407898,2.0,1,1550.0998137159313,2533.530221881953,864.14
100567,West,Second Class,Mini Truck,WH-A,Clear,82.63409084773119,53.120906163156135,106.74477653166628,2.9310905535061065,3.0,0,1242.614807035737,3062.3166194259616,1691.96
100568,North,Same Day,Truck,WH-C,Clear,59.39680802553747,42.085768446113846,100.26301448198186,0.6606427145689282,1.0,0,997.7828699188306,2145.58135284947,1053.91
100569,South,Standard,Mini Truck,WH-B,Clear,234.6464048959841,40.6232848090886,94.27201865400524,5.485920928933572,5.0,1,1624.1317930585865,2781.386256433876,998.01
100570,East,Second Class,Van,WH-D,Clear,142.4419580620304,15.327889651164146,90.38728112421212,2.9027036087468683,3.0,0,1155.8545943097738,1624.7888676895775,337.64
100571,South,First Class,Truck,WH-D,Cloudy,26.931152482232896,47.1636205578437,102.46292046259347,2.362153495962291,2.0,1,816.1572698620373,2384.640291863442,1407.98
100572,Central,Standard,Van,WH-D,Rain,295.7539791677936,38.15523633978121,89.38938130761686,5.451896005817093,5.0,1,1781.3311398058192,2726.8807718165035,829.34
100573,East,Standard,Van,WH-A,Cloudy,279.03555788243494,16.791123673936134,109.56818894875242,4.946115428867475,5.0,0,1646.2083836509985,2049.2648146939755,294.7
100574,West,First Class,Van,WH-B,Clear,62.76824654786716,33.31628987869122,92.32077036060402,1.7266602685810657,2.0,0,908.1632941371436,2177.9144593404244,1138.92
100575,Central,Standard,Van,WH-C,Clear,119.44105005786614,13.07083716770808,106.32303128763368,3.460848211080799,5.0,0,889.1316541141512,1158.6607795810578,109.04
100576,East,Second Class,Van,WH-C,Clear,68.31683611635114,26.53648429641547,94.8931572895637,3.185646621374908,3.0,1,825.526027407376,1863.052499973984,891.94
100577,Central,Same Day,Mini Truck,WH-B,Cloudy,67.94384360995285,98.39740321384846,105.48448025292186,1.631521275353254,1.0,1,1540.8947858266583,4544.394043364188,2888.66
100578,West,Standard,Van,WH-A,Clear,98.51992874039416,14.726360428142408,91.5907889590409,2.9675152783252923,5.0,0,929.8999251575163,1585.3159487599169,610.42
100579,Central,Standard,Truck,WH-A,Clear,176.7168584062956,9.688409453219997,96.1130182712802,3.668887329780806,5.0,0,1204.0273546921055,1507.6330448272977,165.24
100580,South,Standard,Van,WH-C,Rain,177.28696778788864,12.281381809602877,100.8284959810234,4.639454525262563,5.0,0,1296.865139442525,1482.905785255147,126.4
100581,East,Standard,Truck,WH-B,Cloudy,165.48537257163264,26.292676361820533,99.97246282017494,4.744532444868916,5.0,0,1181.1851645002653,1984.329511522281,691.92
100582,East,Standard,Truck,WH-B,Clear,112.47682355657106,43.94144974108719,102.6045710019473,5.2128062551394105,5.0,1,1153.8312213702798,2689.0390195592663,1429.26
100583,North,Second Class,Van,WH-D,Clear,182.4590128603424,30.28754526155001,93.0751673111906,3.03702801151381,3.0,1,1271.0367404544024,2520.0971318341576,1188.68
100584,South,Standard,Truck,WH-A,Cloudy,58.829117684484686,10.803521471069242,96.50885023709888,2.7505126770785737,5.0,0,781.4853968729084,1386.08635840975,481.56
100585,Central,Second Class,Mini Truck,WH-D,Clear,143.71439067816658,43.5997471320866,103.49033145598844,3.872072769606767,3.0,1,1368.8441576545115,3071.243625562669,1517.0
100586,West,Standard,Mini Truck,WH-B,Clear,127.99510914345282,6.486008510583703,91.76846698968627,3.482737608586243,5.0,0,919.2389996849988,1560.1572645708684,541.86
100587,North,Standard,Van,WH-D,Rain,108.61457222029216,11.75085338418005,99.43524636671042,3.9194079866200497,5.0,0,951.094453935167,1816.209282647656,728.31
100588,South,Standard,Truck,WH-D,Clear,146.80747726403453,19.97635203614271,94.6850385613335,3.9237919503791487,5.0,0,1116.0170144021895,2165.511749399449,857.05
100589,North,Second Class,Truck,WH-C,Clear,30.56808203532441,55.23220411275826,97.23524463949563,2.330896279181633,3.0,0,954.7782296212716,3344.5836831335782,2249.61
100590,North,Standard,Van,WH-B,Clear,69.15775224674118,31.056498152731866,96.5073012984867,3.937069754400357,5.0,0,960.4723765043176,1816.3451812301364,768.44
100591,Central,Standard,Mini Truck,WH-A,Clear,169.05640731240769,31.83151008588296,91.27030109529022,4.047529879246763,5.0,0,1300.6085575445488,2475.7554859035035,1056.85
100592,East,First Class,Van,WH-A,Clear,126.12185256281528,10.947261210363967,94.43584084726533,1.5490682196409291,2.0,0,888.3416833514193,1747.5953988228723,732.43
100593,South,Second Class,Mini Truck,WH-D,Clear,47.27529197050334,21.350290230494647,96.86959351246024,2.7673925948235696,3.0,0,789.0509157922413,2046.1633847698567,1096.93
100594,West,Standard,Van,WH-A,Clear,124.48935281862973,50.5446664479249,95.38365600772724,4.091798350318007,5.0,0,1302.4294015834505,2752.098456841191,1297.18
100595,North,First Class,Van,WH-B,Clear,92.04820298561732,36.67065569911155,105.43641569876544,1.7955688369051364,2.0,0,1099.3642573812058,2523.5168131732094,1411.1
100596,South,Standard,Mini Truck,WH-B,Rain,227.6564542443916,44.56227252712805,102.05973334089816,5.159158612300858,5.0,1,1699.85783461045,2921.9487399083755,1142.06
100597,West,Standard,Mini Truck,WH-C,Rain,61.61765360265482,28.96288159515069,97.73988299096098,3.4861544867627217,5.0,0,969.704104101922,2473.2663353524085,1396.01
100598,West,Standard,Mini Truck,WH-D,Clear,63.036671885089774,50.870565937612696,91.42112290368298,2.956893897516732,5.0,0,1101.1924897991464,2499.724608923831,1324.07
100599,Central,Standard,Mini Truck,WH-C,Clear,157.25826990900933,10.892603349573609,91.05586144861228,4.368324824670741,5.0,0,1018.14702617584,1304.6614177642973,306.02
100600,West,Standard,Van,WH-D,Rain,115.07663828268733,25.884431428022765,107.84286621168246,4.034798720447313,5.0,0,1128.4520872737394,1538.087886933116,325.03
100601,East,Second Class,Van,WH-C,Storm,111.91554250734278,40.07124586433982,89.94068738356684,4.388774091992547,3.0,1,1264.368876898856,2560.3093911164005,1186.07
100602,West,Standard,Van,WH-B,Rain,,8.283939578235733,96.68315770890314,5.698303980539821,5.0,1,1929.9773604771124,2350.285145879708,328.69
100603,Central,First Class,Truck,WH-A,Clear,180.03477888118778,2.9101302751952667,98.16569228609208,2.4013831026653807,2.0,1,1145.8165890308712,1223.5621478102353,2.64
100604,West,First Class,Van,WH-A,Clear,103.81426752819924,79.6020739799857,94.13205809110016,1.9691499400432424,2.0,0,1487.4461591780369,4037.002823421279,2438.11
100605,Central,Second Class,Mini Truck,WH-B,Clear,43.282133706534,31.327608028237872,89.98677741253584,2.080433029777001,3.0,0,862.7996899080757,2205.916638400601,1221.11
100606,West,Second Class,Van,WH-A,Rain,100.4083217825561,7.604065619144078,91.29062016596107,2.6310025624899707,3.0,0,759.9902903398754,1240.6168514842532,387.03
100607,Central,Second Class,Van,WH-B,Cloudy,57.61712255941532,30.82677593903212,92.72096998617585,3.1026019521525297,3.0,1,883.5538242836079,2166.6348110761883,1125.07
100608,North,Same Day,Van,WH-B,Clear,71.94137055947931,11.8845187123789,91.74304278541332,0.7431934709878363,1.0,0,737.962710685862,1479.1590954094142,629.18
100609,West,Standard,Van,WH-B,Clear,73.45046565249345,15.324472829375114,103.96632235908558,3.086214551418732,5.0,0,890.6718642429909,1303.1516426673606,332.98
100610,East,Standard,Van,WH-D,Clear,217.9341964427968,56.33753347556468,95.94524403916422,5.051852442011985,5.0,1,1728.2704563694483,3309.596147781075,1510.68
100611,East,Second Class,Truck,WH-D,Cloudy,49.965027189997954,20.31545764180603,92.85719339311431,3.4238311927373104,3.0,1,794.8748431475709,1847.407670953187,949.99
100612,West,Second Class,Van,WH-C,Clear,206.2194130274712,20.20333816212854,96.64174826320324,2.896388784839913,3.0,0,1253.294455007746,2171.0658227511067,768.8
100613,Central,Standard,Truck,WH-A,Cloudy,161.23330341602156,11.59251486983226,100.00773543176948,4.025793004180624,5.0,0,1093.4811328772475,1855.3609252510328,680.71
100614,Central,Second Class,Mini Truck,WH-B,Cloudy,159.92016626711018,23.333123114105195,93.93228176365452,3.866617788707161,3.0,1,1163.1031595120185,2058.3739943124942,764.42
100615,South,Standard,Truck,WH-C,Cloudy,70.13802490795234,32.61933019844487,101.41188777105548,4.539992627496892,5.0,0,1104.8202637503878,2254.729420186329,1036.6
100616,West,First Class,Truck,WH-C,Clear,191.49720827532053,20.2996241091376,88.37311935386064,1.8858674787620784,2.0,0,1245.2589898075275,2103.626907346462,678.6
100617,West,Standard,Van,WH-B,Rain,65.05885576990273,91.76804950101496,103.02782179269848,4.348245311880678,5.0,0,1542.8949860499702,4255.599268031568,2589.05
100618,South,Standard,Van,WH-B,Cloudy,266.87894117173244,13.846816961359902,95.94628596136668,5.070055439254444,5.0,1,1536.1604642488237,1647.616375643504,25.89
100619,North,Standard,Van,WH-B,Clear,220.7131137428864,13.786562222936432,95.71192588948963,4.709550767675215,5.0,0,1255.399948762532,1689.9735047951806,298.8
100620,North,Standard,Mini Truck,WH-C,Clear,291.6837991925779,22.706408224917816,91.84191405321089,5.369268810111864,5.0,1,1662.1244299737812,1869.1199262049915,70.04
100621,West,Standard,Truck,WH-A,Cloudy,128.37510786175508,85.4414501392619,88.63289921691953,4.143391905732814,5.0,0,1693.5939831404376,4379.575492368089,2589.88
100622,East,Standard,Van,WH-C,Clear,115.02947713851836,45.00532864861508,85.99996838510765,4.701385330168999,5.0,0,1226.977309842656,2979.526056538772,1683.29
100623,Central,Standard,Truck,WH-A,Clear,98.80315848964165,19.84041921164092,91.42333998630129,3.620913497093456,5.0,0,803.6907252888725,1554.2707041141214,621.82
100624,East,Standard,Mini Truck,WH-C,Clear,367.6556685149836,19.85148386436781,99.52603932361411,6.119590031309167,5.0,1,1933.7377705384613,2324.923887644265,278.96
100625,Central,Standard,Truck,WH-D,Clear,175.8496190813872,13.459814992214463,90.23232946617205,4.357272980513702,5.0,0,1216.6137134607632,1470.719521315148,197.19
100626,East,Standard,Truck,WH-C,Clear,58.04120736028109,22.26339536035216,86.70931088565415,3.327946034556163,5.0,0,823.1460023116716,1496.3393214431562,554.29
100627,West,Standard,Mini Truck,WH-B,Cloudy,250.3584525255432,25.416624633251462,90.54560813497328,4.713748301720974,5.0,0,1634.6848609792964,2730.36721154945,1007.98
100628,North,Standard,Truck,WH-D,Clear,112.5005708115643,43.76059196895568,93.69100009497411,4.258840512758791,5.0,0,1158.922789382701,2414.845238276821,1198.97
100629,East,Standard,Truck,WH-C,Cloudy,19.232164454013684,38.30887850580102,93.92699266402587,3.968864625929428,5.0,0,887.7508834331512,1970.5254497157016,985.1
100630,Central,Standard,Van,WH-B,Clear,79.71078076964008,21.771598460959165,95.22664255054342,3.089984922912508,5.0,0,879.6514477287088,1824.4789961656288,789.93
100631,Central,Standard,Van,WH-A,Clear,220.63300873480432,67.3662169613014,102.19563807631128,3.9224579963631534,5.0,0,1949.46975279836,3824.1860298672927,1722.43
100632,Central,First Class,Mini Truck,WH-A,Clear,161.5369037551483,18.001554065440416,103.49552662854892,2.5187829723593618,2.0,1,1170.6295843715334,1941.633516543488,627.87
100633,North,Same Day,Truck,WH-A,Rain,179.43714174047318,9.53296216791984,108.03277503233592,2.495680263641267,1.0,1,1087.6655671614867,1985.5464308912824,778.46
100634,South,First Class,Van,WH-A,Storm,249.0299934949064,33.59111138336181,86.25055609980859,4.322918521284391,2.0,1,1745.1394246041684,2330.433767059923,454.44
100635,North,Second Class,Truck,WH-C,Clear,38.24127888387031,53.88492082783178,90.864696477982,2.627074822519491,3.0,0,998.2138696992748,2771.8520839551,1660.19
100636,North,Second Class,Van,WH-C,Clear,80.30812396560233,28.22945305165104,100.19091094235851,2.5301604308298025,3.0,0,932.9635039424808,2419.475213427538,1415.19
100637,West,Standard,Mini Truck,WH-D,Clear,130.02379147317848,11.23527165018801,93.27581270684983,3.1225021567629785,5.0,0,890.1464848969867,1695.7640887353118,727.31
100638,West,First Class,Van,WH-C,Clear,224.20146701878008,31.89065802192865,101.1647188190954,2.4332766081676045,2.0,1,1626.0113484355716,2615.427979907526,900.67
100639,West,First Class,Mini Truck,WH-D,Rain,64.82451795263037,34.45480543947934,97.24268058068895,1.6459331471639698,2.0,0,955.5815442649948,2078.49956513812,963.87
100640,Central,First Class,Truck,WH-C,Clear,103.44792982823,36.73339895266173,105.4752252602208,2.770830468966067,2.0,1,1217.4567514341024,2663.547488995023,1298.41
100641,West,First Class,Van,WH-B,Storm,125.33458656923872,32.29844222338539,102.25629668359612,3.505275737967837,2.0,1,1217.9983308914152,2453.7387653585333,1163.54
100642,Central,Standard,Van,WH-C,Cloudy,77.87513049517946,58.148939245024565,102.36609975935389,3.302785821333211,5.0,0,1191.1001922061712,3197.219243232098,1894.25
100643,North,First Class,Mini Truck,WH-B,Clear,124.51951932325464,13.21770074370476,93.52877034783782,0.8094077132855553,2.0,0,1040.9624676217431,1380.1758104842663,243.3
100644,South,First Class,Van,WH-B,Rain,114.70240650024904,1.7451982061240665,95.41523492419036,3.0406227084749675,2.0,1,856.0794923428168,1099.455752130274,138.8
100645,West,Standard,Van,WH-B,Clear,90.69669780950603,6.492625483894745,94.16847925459588,3.137881864157971,5.0,0,773.5005001759429,1622.095546565929,757.36
100646,Central,First Class,Truck,WH-C,Cloudy,191.2300472892917,11.109295904692406,86.96464713810056,2.789170197124576,2.0,1,1130.8664994992755,1292.8753913481166,2.81
100647,North,Standard,Van,WH-B,Clear,172.66650395128516,48.3898392578069,104.8306155329732,4.3360763344076805,5.0,0,1478.3958883085122,2749.663831893108,1161.93
100648,East,Same Day,Van,WH-C,Rain,195.9053460597916,23.328732864011425,100.47232385305928,3.3210483939897446,1.0,1,1405.3972656999165,1882.1708629723928,359.21
100649,West,First Class,Van,WH-D,Clear,205.37845759303752,70.51489176301737,93.92983725551436,2.7989483150324164,2.0,1,1749.1624505542936,3746.541821659692,1879.53
100650,North,Standard,Mini Truck,WH-B,Clear,283.0452501927763,12.49497313249318,103.82755504475983,4.350854450065822,5.0,0,1550.7484603834007,1780.3562577514813,155.58
100651,East,Second Class,Van,WH-B,,46.04927775548152,69.67964704558025,92.21779411951708,3.9053626120339295,3.0,1,1216.367818937659,3770.358044742393,2440.19
100652,Central,Standard,Van,WH-B,Clear,49.64991745133136,15.447804390895149,84.97119318926835,3.1097261653858697,5.0,0,695.0319813906623,1591.7399468707777,749.53
100653,West,First Class,Van,WH-D,Clear,182.38754357491248,25.386384160126568,102.04421851736168,2.680672103387276,2.0,1,1398.8898452437531,2108.190439145509,547.76
100654,South,First Class,Van,WH-A,Rain,95.79560289135328,7.651853229710644,88.32863860130402,2.5053626392040806,2.0,1,816.5442961174159,1332.4508767035268,446.08
100655,Central,Second Class,Van,WH-D,Clear,88.63682434749265,64.26006665577859,94.8253472062561,3.618392744417619,3.0,1,1281.0335848476875,3557.426556835868,2219.54
100656,South,First Class,Van,WH-B,Rain,80.68427667546896,27.69633833489356,97.23673824470256,2.8188081628621053,2.0,1,1131.344631501152,1577.2660681844009,333.75
100657,Central,Standard,Van,WH-D,Cloudy,199.65355560279903,94.17373646496394,98.31279206843256,5.089280151383811,5.0,1,2016.8092805734973,5005.874433692318,2840.24
100658,South,Standard,Van,WH-D,Cloudy,355.0262050875447,55.3746474211312,101.09040633722276,6.733528647487756,5.0,1,2256.417181108667,3336.6805354389658,957.68
100659,West,Standard,Mini Truck,WH-D,Clear,204.7873397825529,24.975379458528487,99.48510855760507,4.678232225712552,5.0,0,1374.9526194163827,2006.8040382383056,498.04
100660,South,Standard,Van,WH-D,Clear,93.2165213468011,17.275953806665427,99.29935515937215,4.138264939891216,5.0,0,882.0010099751316,1709.3848135034248,764.99
100661,South,Standard,Van,WH-A,Storm,194.13059510879523,49.68959949911781,91.25548930766104,5.790506131580915,5.0,1,1655.0327570131765,3018.7883951613285,1273.78
100662,Central,Standard,Mini Truck,WH-C,Clear,48.60915110428913,29.60167797605429,97.76546134360596,4.145920687659182,5.0,0,892.999259386214,2134.0928453511183,1207.96
100663,North,Standard,Mini Truck,WH-A,Clear,16.18707984156827,16.62187949615259,86.96670017969936,2.7448688722321064,5.0,0,600.7848036789653,1496.2251441827225,790.43
100664,North,Standard,Truck,WH-B,Clear,110.06187548812586,30.99497431500001,105.37282619071698,3.590793208082268,5.0,0,1160.5241607376788,2103.5873280832216,908.81
100665,South,First Class,Van,WH-A,Clear,38.279113934580366,5.59191481268806,87.58461105709065,0.5,2.0,0,616.1407784666958,1463.5847103084616,690.8
100666,West,Standard,Van,WH-C,Cloudy,95.90323708499736,37.17015307783158,93.92136096746194,3.597037477391631,5.0,0,1109.2932985192022,2562.108026713129,1288.4
100667,Central,First Class,Van,WH-C,Rain,138.18788621101658,41.64468412848931,88.0867545658393,2.524891183434746,2.0,1,1337.3744324813615,2706.7655233463283,1254.47
100668,Central,Standard,Van,WH-C,Cloudy,390.6985597627793,12.159831698914772,91.61900228480609,5.470100705836652,5.0,1,2037.743849088716,2138.4609723466056,43.66
100669,South,Standard,Van,WH-A,Rain,234.0110036505851,59.082791119291706,96.0805704925923,5.093815171734281,5.0,1,1798.1406962535057,3290.033495927264,1368.74
100670,East,Second Class,Truck,WH-B,Clear,38.84105130986492,51.77240361865201,92.82745140890398,4.100594029349418,3.0,1,1145.3593677320337,3380.958165320704,2060.53
100671,North,Standard,Van,WH-C,Clear,41.54462615352415,35.08540782207123,102.86547754887371,3.219010992897587,5.0,0,847.573535592248,1936.1165240442656,961.89
100672,East,Standard,Truck,WH-D,Clear,78.20544708619478,14.631145747094672,97.36140609577676,4.866109393834392,5.0,0,792.6517625918887,1525.0455077180984,580.92
100673,Central,Second Class,Van,WH-D,Cloudy,311.625709835444,43.17694490468937,93.22254162462843,3.985312514215863,3.0,1,1906.8601869615843,2930.0436144275604,930.16
100674,West,Standard,Van,WH-A,Clear,40.132701371629885,22.48099043366347,95.19850842015572,3.396217941352744,5.0,0,673.3729933667537,1645.4129050913837,892.53
100675,West,Standard,Truck,WH-B,Clear,81.06889211785588,32.81417706410869,103.3182027423356,2.661298285432505,5.0,0,1058.6774703335575,2079.2985451695813,913.1
100676,South,Second Class,Mini Truck,WH-A,Clear,80.8019857495966,45.70901170445783,101.4532252997068,3.1898423256134403,3.0,1,1248.468947790671,2489.458518869046,1198.42
100677,Central,Standard,Van,WH-D,Rain,157.09691426755086,9.67036220107509,89.16737463590754,4.100040055096976,5.0,0,1055.3063084498997,1747.3337605244749,502.78
100678,East,First Class,Truck,WH-A,Rain,196.85645751365163,7.3723092089880735,91.91608971516236,3.609503171404701,2.0,1,1239.259628628536,1133.3136748203988,-220.83
100679,North,Standard,Van,WH-D,Rain,173.6125398159557,21.00316397593195,98.84873891210624,4.2742383431054725,5.0,0,1284.524854095524,2156.5137774250893,731.65
100680,South,Same Day,Van,WH-A,Clear,144.89283520322826,84.89356494355594,98.12019951616224,1.7942281604246215,1.0,1,1789.08741089483,4448.897004901182,2565.96
100681,North,First Class,Truck,WH-A,Storm,47.243475818519215,96.47709941748862,89.69771075160742,3.5412759443116366,2.0,1,1656.6032853275435,4455.945251418066,2743.35
100682,South,Same Day,Van,WH-D,Clear,132.23999051059278,36.65085341480189,100.49475953583976,1.4031404271872956,1.0,1,1315.1402246272014,2563.9162336300024,1088.87
100683,North,First Class,Van,WH-B,Clear,252.8976195890592,52.64313800920763,90.65475515888164,2.9844677674301163,2.0,1,1813.042113326167,3216.180205186053,1332.48
100684,East,Standard,Truck,WH-B,Clear,299.17702019921416,28.45658629527788,103.82296064313805,5.9684689672833295,5.0,1,1822.4092035552048,2144.617330951807,200.0
100685,West,Second Class,Van,WH-C,Clear,154.73566302134608,31.01272773859293,99.17669493749771,2.998791532387958,3.0,0,1295.842326248567,1984.399433837228,563.05
100686,South,Standard,Van,WH-B,Clear,39.11115783670424,25.36649310289773,89.20845329612567,3.659292651975632,5.0,0,751.2326248165866,1998.1872011336045,1134.37
100687,East,First Class,Van,WH-C,Clear,156.22213448948608,56.49666200215643,92.82553979121953,2.3317521577057208,2.0,1,1438.606776404164,3378.965579084275,1857.82
100688,Central,Second Class,Mini Truck,WH-B,Clear,114.49235384874022,70.98878231914901,92.72123631282824,3.204063537215124,3.0,1,1433.8856627366874,3764.1628186352,2225.51
100689,West,Standard,Truck,WH-B,Cloudy,43.5839269913086,30.54746951934789,96.95926032781398,3.651361002517654,5.0,0,904.103095326387,1941.3757754844487,960.52
100690,East,First Class,Van,WH-B,Rain,62.37989358063067,30.925689593854408,94.77613861192506,3.022124618431172,2.0,1,1006.3014082973064,2039.8521296038475,895.23
100691,South,Standard,Van,WH-A,Cloudy,70.11691542098067,26.239651209935808,89.1270665197093,3.2168805029489667,5.0,0,876.9080664594964,1841.9289044443192,835.02
100692,Central,Second Class,Truck,WH-B,Cloudy,182.73880806740272,72.04830087271054,87.63444512266454,4.579672153838601,3.0,1,1763.4394878164487,3430.029253890109,1557.34
100693,South,Second Class,Van,WH-C,Clear,292.3124118736414,48.73444410413532,99.29414000638717,4.125745940261582,3.0,1,2018.4845182924728,3193.3845298937667,1084.79
100694,South,Standard,Truck,WH-A,Rain,167.39457995270598,14.37672733316804,97.717421187385,4.654806308095663,5.0,0,1090.2913994233636,1778.2395978776317,504.19
100695,Central,Second Class,Truck,WH-A,Clear,185.9783081952761,83.38254670699945,96.6332253432302,4.332089130249823,3.0,1,1848.915541711575,4320.199929312027,2406.86
100696,East,First Class,Van,WH-C,Clear,119.2535646033763,3.7011707115716375,97.62439115376276,2.160928661291948,2.0,1,975.5066190803263,1597.5881963306,566.14
100697,West,Standard,Van,WH-B,Clear,87.78772775034632,67.84167915880255,92.2864851148498,3.310872194900703,5.0,0,1362.2096180348824,3284.861181777625,1815.52
100698,West,Second Class,Van,WH-A,Cloudy,169.96956687166525,53.79895624337138,97.10395414665086,3.178997872742957,3.0,1,1480.2338804003086,2985.02962839368,1403.83
100699,West,Standard,Van,WH-C,Clear,145.98561945718504,30.608885318053225,111.2310333899056,3.064726843078187,5.0,0,1249.9499440292118,2259.166506029873,860.8
100700,South,Second Class,Van,WH-D,Cloudy,74.302506428477,30.12858257269965,103.04740272448286,2.780299720320728,3.0,0,1019.625860802787,2139.572351881953,987.33
100701,South,Standard,Mini Truck,WH-A,Clear,140.46997230245958,27.123090528339347,94.26954929424096,4.453768064814826,5.0,0,1022.227222086284,1608.2212339647544,474.96
100702,South,First Class,Van,WH-A,Clear,123.84527044160184,14.894000233881112,92.85976951739256,2.1084918890698847,2.0,1,990.376381073296,1739.5679956512663,621.68
100703,North,First Class,Truck,WH-B,Clear,102.96387131000056,79.51582131659184,82.0,2.953901200073975,2.0,1,1477.3802129830378,4069.0153882773902,2464.76
100704,Central,Standard,Truck,WH-C,Clear,85.89639292673203,29.55013820213977,102.4121649179082,3.831973149108346,5.0,0,900.6821729565304,1547.6705229911563,463.36
100705,South,Standard,Van,WH-A,Clear,154.65512472730217,14.695300431292797,100.71963212264887,3.545318964273472,5.0,0,1112.952238489435,1607.6233236770397,375.8
100706,East,Second Class,Van,WH-D,Cloudy,89.38057384929898,76.69097382057673,92.73703218434105,3.141282936772132,3.0,1,1439.083270670936,3673.0066576259874,2147.76
100707,West,Second Class,Van,WH-B,Clear,355.2835875578984,39.231691668619945,87.40975390273724,3.865838520076455,3.0,1,2081.3093459454126,2816.983924933327,618.73
100708,West,Standard,Truck,WH-A,Clear,164.24846057069016,40.698704466882106,89.06839534086164,3.756155862332745,5.0,0,1354.136941035919,2307.6728025992966,935.19
100709,East,Standard,Van,WH-D,Cloudy,156.12324736334358,86.94220855329263,98.66638717487652,4.758023094326603,5.0,0,1750.9119753593106,4488.872939947532,2629.1
100710,East,Standard,Truck,WH-A,Clear,111.85143192552135,44.18611373235313,95.46395559802492,4.848767497392408,5.0,0,1137.5316948832722,3120.848994437913,1835.06
100711,Central,Same Day,Mini Truck,WH-A,Clear,97.60150749259466,19.21348533234085,100.14955210564368,1.5395815152150292,1.0,1,895.6651757830233,1772.0510496581933,745.31
100712,West,Standard,Truck,WH-D,Clear,32.71987900710858,44.14491439461094,96.5186588302091,4.1547687519273975,5.0,0,965.4009473783346,1996.5565037671,910.71
100713,Central,First Class,Mini Truck,WH-C,Clear,77.46907182568955,15.904895558231708,101.80055299269893,1.346457524735288,2.0,0,841.1787316841109,1615.2293698322458,641.33
100714,Central,Standard,Truck,WH-B,Clear,38.4853078295898,21.812217066297272,98.21745084235349,3.898822882033445,5.0,0,726.8036201104684,1649.4781045627992,774.06
100715,West,First Class,Mini Truck,WH-C,Cloudy,38.105672869155775,35.91115297441196,100.97277228096408,2.2921874137204394,2.0,1,820.3266976103163,1957.9608905036089,977.75
100716,North,Standard,Mini Truck,WH-C,Clear,56.30038186510183,52.16449202137555,83.46189953446837,3.314777407735588,5.0,0,1042.4778432386224,2971.997342017211,1803.86
100717,East,Standard,Truck,WH-C,Cloudy,238.49643537637684,19.995833190864595,88.59392657701524,5.39806240120317,5.0,1,1508.5408179763167,2209.076426962172,601.6
100718,North,First Class,Mini Truck,WH-A,Clear,237.8624374524037,26.60676348378395,93.81388998067423,3.2357755298661246,2.0,1,1554.506846320862,2072.0860293248325,488.55
100719,West,First Class,Mini Truck,WH-C,Cloudy,78.62180050165257,26.420989807773392,102.47741270940143,1.7606047632602453,2.0,0,917.48016757767,1534.5836508953907,472.87
100720,Central,Standard,Truck,WH-B,Rain,46.45962542111782,57.63266445206029,107.28317835640644,4.399114598226932,5.0,0,1007.0828559343416,2570.7505150505854,1435.64
100721,East,Standard,Truck,WH-D,Clear,94.94486603808647,30.10354179806372,95.01458530567874,3.915945193305073,5.0,0,981.680854856533,1948.4140737986463,851.39
100722,East,Standard,Truck,WH-C,Clear,181.70877780840965,82.72908172339487,92.33051961667093,4.301930956893284,5.0,0,1817.6002649622965,4231.905038229191,2328.39
100723,North,Standard,Mini Truck,WH-A,Clear,212.05529981353783,21.80066314134664,84.27018873445319,4.127177452045354,5.0,0,1317.85791453571,1881.1233481261704,419.49
100724,Central,Standard,Van,WH-D,Storm,139.3173522163741,20.609538499127027,101.18138258443898,4.967619020189101,5.0,0,1159.3620982263471,1663.1131737907049,402.75
100725,North,First Class,Mini Truck,WH-B,Storm,153.55563249176507,67.11635181618763,92.69885654883312,3.845522991882411,2.0,1,1709.3451732513597,3768.796389282346,1950.66
100726,North,Standard,Truck,WH-B,Clear,145.17542490376275,41.97374170739537,112.0,4.205764997678863,5.0,0,1347.5658559419464,2772.024461244278,1316.42
100727,South,Second Class,Mini Truck,WH-D,Cloudy,40.4980155187095,111.2933267393631,91.56357647979291,3.123235080850296,3.0,1,1642.114067997486,5151.941194719522,3384.08
100728,North,Standard,Van,WH-D,Clear,49.68074187584254,65.63943405723005,108.631650581164,3.700015880794613,5.0,0,1123.211618891252,3587.845775637285,2394.84
100729,East,Standard,Truck,WH-D,Clear,298.89595232414445,11.82693200273694,100.4902043015248,5.5059667162272765,5.0,1,1612.1662765526678,1623.359292088634,-118.5
100730,East,Second Class,Truck,WH-C,Cloudy,138.94032684424002,29.646477041626348,89.8304136040718,3.7903762359194046,3.0,1,1076.6972195736023,1903.0189071367915,741.55
100731,South,Standard,Mini Truck,WH-D,Clear,26.88886040628168,35.88187670698512,97.39286273186153,3.3245901778922167,5.0,0,795.4223144901808,2081.327845039899,1199.91
100732,North,Second Class,Mini Truck,WH-A,Clear,158.81340074654665,34.32009111927837,100.6282831593028,2.6859738429618454,3.0,0,1253.025881483534,2242.20189095592,848.19
100733,North,Standard,Truck,WH-C,Rain,67.97128283565866,26.889033625866627,94.6484868449005,4.486709078024453,5.0,0,990.6431790116376,1431.3092228753608,365.49
100734,South,First Class,Truck,WH-B,Clear,221.5021786267296,33.88762572314404,101.0278962633138,3.2144511446796726,2.0,1,1567.8195174941357,2350.041539120844,641.3
100735,North,Second Class,Van,WH-B,Cloudy,208.56507574406945,35.02667646122383,100.89574295609196,3.6742599722468814,3.0,1,1572.549525196453,2782.6434806613865,1096.55
100736,West,First Class,Mini Truck,WH-A,Clear,176.11143837782677,20.21657800541953,99.5780310035648,2.359802871974332,2.0,1,1216.9916761029197,2085.443910940496,816.14
100737,South,Standard,Van,WH-A,Clear,138.02654981468044,56.2426979475825,95.90115979171496,3.8627077953858446,5.0,0,1376.163880123148,3316.96627591358,1783.05
100738,South,Standard,Truck,WH-B,Clear,251.19683869839736,77.22679197771969,88.95035946416324,4.745533890094789,5.0,0,1992.6871212852936,4219.676915619708,2106.13
100739,South,Standard,Truck,WH-D,Storm,265.28522159860097,46.4423141218326,95.5392877471486,7.2524577406043,5.0,1,1911.747847069928,3404.5459670426285,1369.0
100740,East,Second Class,Van,WH-C,Clear,69.12262832402133,38.46354401487731,97.05638798229506,3.390093585200268,3.0,1,1102.918758724926,2120.9934298315857,872.82
100741,North,Standard,Van,WH-B,Clear,175.03650740175516,28.436914774465222,84.74369477377306,3.5537530373093213,5.0,0,1313.560356183253,1954.4616942621208,478.43
100742,North,Standard,Van,WH-B,Cloudy,86.49514534796494,35.69750698301846,97.01541189594806,3.655622710828133,5.0,0,1032.420302583642,2593.270345403171,1443.81
100743,Central,Standard,Mini Truck,WH-C,Storm,62.72119691349466,37.96985482439415,95.41919241113914,5.632684409936451,5.0,1,1036.3424799288848,2362.6538619809453,1194.71
100744,North,Standard,Truck,WH-A,Rain,265.1588145862619,14.934263535012494,88.22024357529027,5.796159140936804,5.0,1,1543.9098704845294,1676.9933038247016,10.09
100745,East,Standard,Van,WH-C,Clear,190.86305848759176,54.60187004538356,94.00196165584946,4.519016386379762,5.0,0,1725.8658671431504,3356.4057236913577,1532.54
100746,East,Standard,Truck,WH-C,Clear,144.62634284017932,22.81248333940229,94.1289219189942,3.7979249441043295,5.0,0,1204.7534407083124,1817.5850435876137,558.25
100747,South,Standard,Van,WH-A,Cloudy,73.49218128720386,69.22631009439138,107.58056720096052,3.499610747441692,5.0,0,1353.3468875378996,3353.504336035656,1882.64
100748,East,Second Class,Mini Truck,WH-C,Rain,269.4481266099285,33.18591389123046,97.3207100770642,5.156775494326862,3.0,1,1755.9174574370563,2329.733402547856,415.55
100749,West,Standard,Van,WH-C,Rain,67.32977898376568,55.16743751169891,102.2162715078876,4.67926873538781,5.0,0,1214.9542873824123,3097.943567871841,1752.57
100750,Central,Standard,Van,WH-C,Rain,57.65370192347402,46.02620401661822,95.29310817305613,3.80049865221851,5.0,0,1090.9871403545335,2704.2262902514112,1540.6
100751,South,Second Class,Van,WH-B,Clear,124.0627171541276,11.945607466864171,84.7565008989895,2.6256901650302007,3.0,0,917.80611014562,1856.432666282256,790.21
100752,South,First Class,Truck,WH-C,Clear,181.68944872417703,65.60967678236062,100.03405109292974,2.953715507215618,2.0,1,1647.3419742272713,3547.6864137828466,1801.18
100753,South,Standard,Truck,WH-D,Clear,100.70367348699152,17.88999510558018,92.05087962247477,3.564689922783148,5.0,0,976.6824344800568,1584.2990640891535,570.84
100754,East,Second Class,Truck,WH-A,Clear,450.0,21.791653820628927,93.98639922007254,5.6778963616260585,3.0,1,2288.60800022955,2797.9912278156285,363.76
100755,West,Same Day,Truck,WH-C,Clear,136.74407333201486,23.10968707717592,89.68217250530718,0.8378586186070182,1.0,0,1154.8410183731426,2170.7191392497093,938.97
100756,South,Second Class,Van,WH-C,Clear,86.27066307086507,8.744633636751391,96.43660718352815,3.054064879818857,3.0,1,875.739841894775,1323.8078476647947,275.74
100757,South,First Class,Van,WH-B,Cloudy,92.40507468088184,34.15742587322685,102.39107016973472,2.1448887706677944,2.0,1,1098.0943522300574,1874.05813696288,625.79
100758,Central,First Class,Van,WH-B,Rain,317.42122461639485,57.22761794110591,101.59642865084776,5.341511368204941,2.0,1,2187.137476200517,3343.043990500727,1053.88
100759,North,Standard,Mini Truck,WH-D,Rain,117.27292096530972,68.23493866659133,105.517137046711,4.281962182987676,5.0,0,1693.7098002039706,3340.495227721094,1520.71
100760,East,Standard,Van,WH-B,Rain,260.0776355543811,26.884393104440026,106.36775674772468,6.37865763317525,5.0,1,1680.271267450578,2298.859626191449,423.75
100761,West,Second Class,Mini Truck,WH-C,Cloudy,37.10309567891905,29.938230525272388,83.72475461845066,3.0388791466731377,3.0,1,729.384486527952,1877.353053547019,1002.97
100762,North,Same Day,Van,WH-A,Cloudy,223.990325947452,47.95032072582181,88.83827663442521,2.0269318115317074,1.0,1,1663.3651403412457,3426.020997497217,1644.32
100763,North,Standard,Van,WH-D,Clear,75.82323645668362,27.37446660985116,85.15085053004069,2.9614089931169936,5.0,0,989.7697513230536,1583.8522533528726,382.96
100764,North,Standard,Van,WH-C,Cloudy,193.44546603133284,60.289798921000994,99.79158246233754,4.045719644270046,5.0,0,1626.3331883429114,3148.879268626258,1408.43
100765,Central,Second Class,Van,WH-D,Clear,75.41833145960773,29.00074799895961,91.84150929720508,2.159715913351949,3.0,0,887.65790218374,2098.938616807722,1080.92
100766,North,Standard,Truck,WH-C,Clear,96.5070380246668,16.200857541184796,93.06491800893642,3.4429068954053905,5.0,0,950.392234277556,1719.704267450465,692.08
100767,North,First Class,Truck,WH-B,Clear,61.4932332626651,34.714190490296744,94.70041540843526,1.820835382038764,2.0,0,920.040625371226,1583.0430007801133,611.62
100768,North,Second Class,Van,WH-B,Rain,195.5249426649981,10.14332756995712,98.29542412854452,3.1452339000421423,3.0,1,1245.5655543635494,1103.5388046640562,-241.95
100769,North,Second Class,Truck,WH-C,Cloudy,212.8189537227593,34.42596654862494,87.08807371196126,4.848676338934316,3.0,1,1564.1351294047452,2425.359922263561,749.88
100770,West,First Class,Truck,WH-D,Rain,77.40857082940538,38.55389216829408,88.44681922419548,2.5462434982515543,2.0,1,1017.5042908482792,2743.3942377593467,1604.37
100771,South,Second Class,Mini Truck,WH-A,Storm,44.27882491339953,17.952090560628054,96.00777723918664,4.302196368904585,3.0,1,706.64370374587,2033.821547452228,1266.87
100772,East,Second Class,Mini Truck,WH-D,Rain,258.03259772844694,37.62582739595044,103.1924756169268,4.997768055934081,3.0,1,1681.6884642192708,2590.6157444165647,775.8
100773,West,First Class,Truck,WH-D,Clear,83.37145135701552,25.25894699097411,95.8476155804935,1.6416199774535831,2.0,0,962.125620887232,1867.24685374454,824.18
100774,Central,First Class,Mini Truck,WH-A,Rain,113.64846286274556,17.43495129255048,91.2500417617078,2.56643288579398,2.0,1,1012.7485281370888,1457.8789429486994,313.82
100775,North,First Class,Truck,WH-A,Rain,68.7253052672524,9.058162668328738,83.11074791797418,2.387507368112978,2.0,1,697.0947438030776,1426.217330849077,586.4
100776,Central,Standard,Truck,WH-C,Rain,185.06860305038103,11.056489062036848,101.71605351036168,4.854247320431866,5.0,0,1162.3094841529842,1935.4024659715687,676.94
100777,West,Second Class,Truck,WH-D,Clear,187.6754688430475,73.37295242878928,91.58441010365712,4.171200210465473,3.0,1,1761.8633639597424,4239.99322055649,2401.86
100778,North,Standard,Van,WH-B,Clear,281.6237983423768,24.5868918541188,89.11537850548967,4.52116949276072,5.0,0,1727.7389626677198,2233.9745743089384,342.21
100779,West,First Class,Truck,WH-C,Rain,227.63048432805675,37.97744437427957,85.70804864124732,3.91414521078706,2.0,1,1571.9444523676584,2443.24483172932,730.75
100780,Central,Second Class,Mini Truck,WH-D,Clear,218.9915382397957,26.7406281272454,87.36539513314821,3.590208384723118,3.0,1,1409.5408235257012,2212.3778887444128,687.52
100781,South,Standard,Van,WH-B,Clear,119.94477220842496,,90.23271467727687,4.304566617828228,5.0,0,1461.8857740996402,4189.905195795692,2566.62
100782,Central,Standard,Mini Truck,WH-A,Clear,111.30551201443896,17.494346313229137,94.5669075828351,3.4009027046089995,5.0,0,940.2565788624617,1565.005806942043,511.84
100783,East,Standard,Mini Truck,WH-D,Clear,183.6216072647496,31.58585044811625,88.74754977143606,5.038445095458093,5.0,1,1378.4181109868623,1876.9239527680284,410.22
100784,West,Second Class,Van,WH-B,Clear,115.98273192878716,21.691352268760525,97.11424822528582,2.662107134141521,3.0,0,1138.5193286804436,1743.0379903553498,529.58
100785,Central,Standard,Truck,WH-B,Storm,231.9526429218068,54.8093941781168,94.5213135604914,6.457018216464837,5.0,1,1860.321372696858,3230.5152976556064,1263.97
100786,South,Standard,Mini Truck,WH-B,Rain,65.91448960329423,37.72875877452149,109.33195373510716,4.343477344328091,5.0,0,1035.8770990386076,1897.014374400372,724.13
100787,Central,First Class,Mini Truck,WH-C,Rain,36.54818015692133,30.8550705122112,85.77334130164402,2.3147044032840887,2.0,1,871.7051138741201,2096.2887367460635,1065.94
100788,South,First Class,Van,WH-B,Clear,171.62258785854974,12.221846532347898,96.9688765818743,2.2986799663875552,2.0,1,1181.7154338014564,1699.8519921884592,407.31
100789,West,Standard,Van,WH-C,Clear,89.99461215071867,93.89113184408544,97.04402993424574,3.795266442082384,5.0,0,1577.4443817961685,4994.826465651118,3264.92
100790,West,Standard,Truck,WH-C,Clear,59.44109262640188,27.245200052860103,89.8166555764611,2.985569004485354,5.0,0,975.02550544349,1609.2173295254292,531.69
100791,South,Same Day,Van,WH-A,Clear,377.6246660305821,15.4852025673662,96.57151438468476,3.270548533439974,1.0,1,1955.256493945519,2250.7924542371543,212.89
100792,East,Second Class,Van,WH-B,Clear,126.61193236725964,9.09157693070544,100.6175661984403,3.510343903230096,3.0,1,961.4840723743616,1615.0904394218433,589.33
100793,South,Second Class,Van,WH-A,Cloudy,50.56450294074347,10.771858641671605,96.578948895347,3.33883045723782,3.0,1,709.3282588039979,1430.2519664106867,628.64
100794,North,Standard,Van,WH-A,Storm,83.41740882777785,30.66743769262404,104.30677730891902,4.657467486282723,5.0,0,1089.2406355384671,1863.8135599986824,708.98
100795,North,Standard,Truck,WH-D,Clear,105.70100215865786,55.3206318557165,82.93387429142797,4.19416865456107,5.0,0,1363.800881486594,2826.214144217183,1282.08
100796,South,Standard,Truck,WH-C,Clear,169.6124737027979,36.197302876998776,90.94659952318368,3.623460591860806,5.0,0,1321.471355987066,2505.0991500619434,1058.25
100797,North,Second Class,Truck,WH-C,Clear,83.68872571717588,9.522501653036072,104.85033628338569,2.938362209506293,3.0,0,839.327485169427,1335.0391840678603,389.06
100798,North,Standard,Truck,WH-D,Clear,114.67173876289336,30.62675243812445,101.4721579995831,3.1004400489047352,5.0,0,1118.113472756684,2030.3672662647605,741.98
100799,West,Standard,Van,WH-C,Clear,147.51640425226833,65.27776662706432,99.24307026759772,3.475434059159094,5.0,0,1613.539807274911,3868.993912865841,2191.03
100800,West,Second Class,Van,WH-D,Clear,163.5565899710886,24.027195522734623,103.39929243911676,2.9976562920594643,3.0,0,1223.3880675104472,1907.24739618886,578.66
100801,West,First Class,Van,WH-C,Clear,119.69935346578316,36.26485395399867,84.50065272778937,1.5429596032291952,2.0,0,1135.3018555090048,1920.0981004606,604.81
100802,South,First Class,Van,WH-B,Clear,314.657311456708,24.72993379436582,100.77366397633692,3.021853789059488,2.0,1,1852.134058752536,2250.1065161817664,293.01
100803,Central,Standard,Van,WH-C,Rain,186.17789496861045,41.26107130749216,102.38622097451652,4.681852046420254,5.0,0,1537.963761001071,2823.109257689628,1089.51
100804,West,Standard,Van,WH-B,Clear,180.40417394244665,17.301960746565477,92.04779900294558,3.902466715604088,5.0,0,1172.0647798504924,1867.6923094811536,558.13
100805,North,Standard,Van,WH-D,Clear,176.6975422799179,1.3561450122787242,111.77542270734736,3.1124453879015195,5.0,0,1157.183390364876,1253.1447333554304,-59.75
100806,North,Standard,Van,WH-A,Clear,232.9461748491456,12.771755946676096,97.17809378437236,3.964573040721178,5.0,0,1422.3001116061369,2078.127094291323,499.11
100807,West,Second Class,Truck,WH-D,Clear,141.8671502962173,22.043277731983743,82.84338574494876,2.838270800330363,3.0,0,1096.9744962941063,1614.3077814230423,407.28
100808,North,Standard,Truck,WH-D,Clear,65.20282093978095,28.693048212493657,98.28763198760252,3.7170495713073,5.0,0,871.8621776248101,1901.773822678696,937.0
100809,East,Second Class,Mini Truck,WH-A,Rain,159.12613835013312,22.641419744374343,91.6808398200636,4.821078118286317,3.0,1,1241.489356342211,2333.0645088190654,985.62
100810,Central,First Class,Truck,WH-C,Rain,170.71907418449183,22.33710900368204,102.9899716435771,2.5157224901089164,2.0,1,1317.045659387245,1464.267003930932,71.76
100811,North,Same Day,Truck,WH-D,,253.127028614247,55.59920345124662,99.2876642003478,3.207278333014913,1.0,1,1791.2612751731424,3354.974770852324,1456.02
100812,North,Standard,Van,WH-C,Clear,60.93206927582014,14.351789064277066,92.41246756634284,2.6376641074819243,5.0,0,756.4062582036529,1762.2759879482633,896.02
100813,Central,Standard,Truck,WH-B,Clear,71.02670143981672,30.757578898118872,105.01471150957738,3.631243495294543,5.0,0,986.0125120515012,2400.140123453702,1245.0
100814,West,Standard,Van,WH-D,Clear,129.0404010208237,10.018105314224652,101.63670783587588,2.793630785452128,5.0,0,838.7595839034382,1577.9898169896078,608.47
100815,North,Standard,Van,WH-C,Clear,179.54709899299525,46.46110899212349,91.0324800739074,4.153309218918325,5.0,0,1500.1019109477977,3060.066745328507,1367.27
100816,Central,Standard,Van,WH-A,Rain,53.59844193907366,35.61930067833508,95.08772951663492,5.042302967268158,5.0,1,987.401305431036,1989.754840503282,967.94
100817,Central,Standard,Van,WH-A,Clear,62.04559272822158,92.83009468721797,99.10150074458448,3.8808625738178,5.0,0,1528.1698603716975,4782.519936007378,3186.95
100818,East,First Class,Van,WH-C,Clear,203.83202153814696,13.942422637346908,93.81442042336428,2.6186716023856595,2.0,1,1321.2524290900824,1396.6942711663987,-22.12
100819,West,Standard,Truck,WH-B,Clear,55.11103441647764,76.54973040759508,93.99360357691648,3.613833978057163,5.0,0,1289.017972816831,3522.986362594929,2071.73
100820,South,First Class,Mini Truck,WH-A,Clear,71.66858431661213,15.370160045369278,96.22035016958692,1.207176539665321,2.0,0,735.1148471983232,1610.0380662848709,768.76
100821,North,Standard,Truck,WH-D,Rain,211.07433876309904,23.904078434266506,89.60520849577566,5.671956385948374,5.0,1,1328.5536277714525,1965.0351663464053,577.86
100822,West,Standard,Truck,WH-A,Clear,178.0689030560606,11.363448776450866,82.60340796853819,3.949857788088752,5.0,0,1196.852325970218,1604.0092537659816,305.74
100823,South,Standard,Truck,WH-A,Clear,84.2379270066384,92.12477701896884,97.43480917399222,4.02266787110844,5.0,0,1609.8538011425064,4560.061565152822,2882.12
100824,West,Standard,Van,WH-B,Clear,166.61444124287394,39.01673306615787,84.06660030422888,3.308780650460185,5.0,0,1422.5672925337524,3027.0692855950592,1543.28
100825,Central,Standard,Truck,WH-A,Rain,148.8339635622239,39.27495144215073,90.04176778113168,4.930058260495113,5.0,0,1297.8651539502653,2668.780435605333,1190.96
100826,North,Same Day,Truck,WH-B,Clear,116.93400263235672,16.41169164906532,85.37050584630856,1.6686056343484472,1.0,1,1001.0640932675648,1479.4919113631097,380.73
100827,West,Standard,Van,WH-D,Cloudy,99.17192798536016,4.114879039725639,86.10933331343219,2.6497176447662407,5.0,0,701.0721581656297,1303.9968634297563,486.86
100828,South,Standard,Van,WH-D,Clear,162.90005738283693,23.25348135333908,98.55813104471576,4.413373523661432,5.0,0,1169.7991548540072,1768.9138446954632,492.37
100829,Central,Second Class,Mini Truck,WH-D,Clear,58.42681085128997,20.38130349616989,94.66615100963956,2.453001111762404,3.0,0,794.0388529718701,1907.946673480788,1012.71
100830,South,Standard,Truck,WH-B,Rain,161.8400979122482,6.828110959586461,94.44959726719128,4.475302294453181,5.0,0,1122.4552014505737,1366.937372598646,163.91
100831,West,Second Class,Truck,WH-A,Clear,140.96456038588903,24.296285714996344,88.10458929825595,2.818769173469834,3.0,0,1219.7930712703894,2077.1310199036984,758.21
100832,East,Standard,Truck,WH-D,Clear,146.8586667413726,30.79426253197201,92.06490546696864,5.256018029609151,5.0,1,1204.7087528211875,1789.364082070737,462.85
100833,South,First Class,Van,WH-B,Clear,69.64478915917503,40.65983964675373,98.25873095526111,1.3442699311038244,2.0,0,980.5164102790447,1907.7481282677848,767.58
100834,West,Standard,Truck,WH-C,Clear,256.6366934095824,4.718774823093876,95.687476408161,3.94799687507239,5.0,0,1342.7045697481335,1065.9034333114578,-419.96
100835,West,Standard,Van,WH-A,Clear,84.42093640742753,11.9121298488049,100.9360443662519,3.320127148688967,5.0,0,777.630935921538,1841.0613337125728,996.1
100836,East,Second Class,Van,WH-C,Rain,92.8672213080938,16.83053089629095,101.79055207275547,3.9172188046474026,3.0,1,1052.8068416080607,1319.6824667018525,122.28
100837,West,First Class,Truck,WH-C,Clear,114.196589461863,57.06104356887596,94.48668085045074,1.9550736102910584,2.0,0,1388.8336901825176,3356.9509671458727,1841.48
100838,Central,Standard,Van,WH-D,Clear,177.8358633573714,56.41390232674101,84.88650428447704,4.596371860773744,5.0,0,1628.7160114871494,3103.3558927317504,1386.51
100839,East,Second Class,Truck,WH-A,Clear,144.32883628957683,37.71133040659367,91.4601306056027,4.30327936314544,3.0,1,1259.8992184371018,2432.8149359669874,1056.54
100840,East,Standard,Van,WH-B,Cloudy,43.12659286603124,24.00991485884544,95.41386431476386,3.820156109666831,5.0,0,774.5467494216414,1778.824568027668,874.25
100841,North,Standard,Truck,WH-D,Clear,125.54468123852816,59.17002888096066,91.34107768797531,3.825601527898053,5.0,0,1443.7903352040128,3685.3861306587296,2129.95
100842,West,Standard,Truck,WH-B,Clear,131.73373415995104,34.87760115117978,89.67225473199748,3.574539762462657,5.0,0,1167.582076747266,2508.5959479306,1214.21
100843,East,Second Class,Truck,WH-C,Cloudy,260.07466659229124,57.21832038224075,96.41851370534091,5.149763131501048,3.0,1,1900.105464850472,3538.68885947136,1558.79
100844,East,Standard,Truck,WH-A,Cloudy,104.6478192164534,38.792980793087295,110.58181861639969,3.982484181284717,5.0,0,1136.0172029485805,2786.673952754732,1470.91
100845,North,Second Class,Mini Truck,WH-C,Storm,169.220847080792,7.692820641612974,93.07087162778176,5.230394109982546,3.0,1,1135.4223111201422,1238.6254931863234,60.73
100846,Central,Standard,Truck,WH-B,Clear,450.0,4.052214952701172,95.98316488504936,6.409968517934424,5.0,1,2124.7629295544225,2031.0699124405028,-223.92
100847,South,First Class,Truck,WH-C,Clear,235.77596743464133,22.400513989637624,88.12778473661407,3.007829120940414,2.0,1,1424.5639577927593,2300.941921778267,753.54
100848,West,First Class,Truck,WH-D,Clear,67.17399286228168,49.92360587851326,103.46040633024909,2.058456126758889,2.0,1,1130.8009227030611,3040.485051346494,1777.18
100849,North,Standard,Van,WH-C,Cloudy,191.20319114636823,20.198654763892563,101.24845826010854,4.494223251701867,5.0,0,1326.1088758346636,1872.960449363504,461.64
100850,Central,Standard,Van,WH-B,Clear,162.2276677034322,65.99762646675876,100.8344048367955,5.012677523958949,5.0,1,1614.9189610890332,3490.5908836586536,1724.75
100851,North,Standard,Van,WH-A,Clear,,47.22278800178346,104.15877486782848,4.16271919756418,5.0,0,1179.5045127300357,2561.62574387147,1275.9
100852,North,First Class,Van,WH-B,Clear,192.4454633865901,62.57448738251957,93.43595187183116,1.9213366936943383,2.0,0,1701.0208816902605,3322.436763389971,1552.93
100853,Central,Standard,Van,WH-D,Rain,66.5188068626804,22.82645547000172,94.18549308092626,3.786899522196493,5.0,0,847.5498310103354,1557.8858724482673,638.65
100854,Central,Second Class,Van,WH-A,Rain,85.50152835245851,14.720646192151843,106.2592711913199,3.466865999630904,3.0,1,892.3294596617286,1604.9992467927143,598.31
100855,South,Standard,Truck,WH-C,Clear,114.91982352010147,13.140073845127676,99.79636861766735,3.6221635183507255,5.0,0,1001.5972314005552,1449.0944101335162,393.38
100856,East,First Class,Van,WH-B,Storm,99.69652784930624,41.07460337034939,82.68466907193503,4.874329684400025,2.0,1,1127.439301920057,2648.1387276220325,1347.68
100857,West,Standard,Mini Truck,WH-B,Storm,180.9557069848184,8.287647354750296,98.72892585382206,6.039032139880606,5.0,1,1338.8723663076887,1562.6213769663857,77.04
100858,Central,Second Class,Van,WH-C,Clear,123.52822239706629,8.754357189498831,92.50981163538242,2.296416742511307,3.0,0,916.600539477377,1090.0773599435915,-0.46
100859,South,Same Day,Truck,WH-B,Clear,93.67880291069024,19.37349732121953,101.38903094793994,1.3901029160066316,1.0,1,944.901285193738,1432.3726104182774,317.22
100860,East,Standard,Van,WH-B,Cloudy,233.62725546136969,34.05810908403334,98.44914281652105,4.700966290091033,5.0,0,1557.4529805946545,2457.5721092304047,802.44
100861,West,First Class,Truck,WH-C,Clear,177.14607111452622,17.033662593997036,85.55674341586321,2.1902256431494007,2.0,1,1254.6872895683434,1572.3619256745892,238.1
100862,West,Standard,Van,WH-D,Clear,49.15293687761576,56.48889489392548,97.61298102297286,3.067054081322896,5.0,0,1092.6969754442016,2814.9502574673047,1705.98
100863,West,Standard,Truck,WH-D,Clear,48.49384836087623,63.10582825104929,97.26376636350965,3.92792373833262,5.0,0,1137.727511298959,3709.232152858168,2475.72
100864,East,First Class,Van,WH-C,Storm,94.08700695709136,2.508488647080653,98.18077491878871,3.3102629329955366,2.0,1,801.7971822841188,681.3404881424759,-292.25
100865,North,Second Class,Mini Truck,WH-C,Clear,53.38125913712484,39.25416371263263,99.45317311147986,1.458562109448964,3.0,0,940.1213555510463,2893.510594346367,1872.36
100866,Central,Second Class,Van,WH-D,Cloudy,213.29744343625828,20.267473429315707,104.9757957589304,2.86554626933156,3.0,0,1424.0416586129793,2026.3184843390336,499.62
100867,Central,Standard,Truck,WH-B,Clear,88.04904778904454,51.29146946562084,98.4833339376858,3.4260819003969902,5.0,0,1208.933263806746,3154.123696468353,1854.6
100868,West,Standard,Van,WH-B,Clear,169.10149460766914,40.08622289578781,96.1373907628468,3.48754715819513,5.0,0,1395.0323369186167,2844.742364666299,1326.59
100869,North,Standard,Truck,WH-B,Rain,189.7172520497815,33.04831122962775,102.88780532512936,5.100472479859174,5.0,1,1415.3768250036,2551.56667473197,981.18
100870,South,Second Class,Truck,WH-C,Clear,32.987692024020525,27.21996641907325,109.4564443415386,2.2958363414937226,3.0,0,736.7686805530619,2309.1945193538168,1516.3
100871,West,Standard,Van,WH-C,Clear,90.5518544395244,8.790878135920845,101.49042452500854,2.418078823929372,5.0,0,784.6469828595691,1026.4425350369406,178.97
100872,North,Standard,Van,WH-A,Clear,111.82103492168228,100.71956340365077,97.23723676084856,3.7412640469036473,5.0,0,1782.6505280232718,4789.526677753154,2844.84
100873,Central,Standard,Van,WH-D,Cloudy,147.99956975083043,11.804285773513431,98.5951832986135,3.260516893110411,5.0,0,1098.715666346687,1301.750356819818,67.38
100874,South,Standard,Van,WH-B,Clear,206.70154517026435,77.03898067178203,97.53626255638954,4.561607621983355,5.0,0,1937.231638948548,3675.524164076097,1637.37
100875,West,Standard,Mini Truck,WH-D,Clear,386.8764295656706,44.90306225254854,96.11111049163996,5.117780071848604,5.0,1,2270.406621390749,3037.383659175496,597.23
100876,Central,Standard,Van,WH-C,Clear,297.66619078652684,20.981704436996708,108.99102498903828,4.880690947166659,5.0,0,1745.9392638732122,2601.2408565775786,793.08
100877,South,First Class,Van,WH-D,Clear,122.66484546400808,18.846037976966464,91.5056797541014,1.6241631051645151,2.0,0,1002.308072382414,1693.5794906055116,548.68
100878,South,Second Class,Mini Truck,WH-C,Clear,121.81013270077445,8.474644340946828,102.9294349694562,2.824888022513742,3.0,0,832.2483319520074,1837.1736521507632,897.31
100879,West,Standard,Van,WH-C,Clear,280.76754044539547,30.34712177519405,95.24485834379657,4.15193734828675,5.0,0,1715.7301104822538,2980.028991119887,1133.07
100880,West,Second Class,Van,WH-A,Clear,126.62695792917626,8.17761835086003,87.11748497916766,2.7927599987748306,3.0,0,897.6148260360319,2087.460612529219,1163.4
100881,East,First Class,Truck,WH-B,Clear,89.29322697368592,58.4250965819782,94.87009353848096,2.7762890560390687,2.0,1,1208.9973434467709,3657.254733442383,2347.38
100882,West,Standard,Mini Truck,WH-D,Cloudy,215.23483277293457,35.1630353003562,92.71934499747653,4.800041661857135,5.0,0,1499.0854722200936,3113.1510067382696,1478.28
100883,Central,Standard,Truck,WH-B,Cloudy,152.1111105361301,29.055784270349395,99.46546391050596,3.753216890277404,5.0,0,1250.626940648427,2259.211686502242,900.8
100884,East,Standard,Truck,WH-A,Clear,47.9722678438602,31.52264375895512,96.54780133595142,3.870581829401672,5.0,0,793.9076424415855,2141.292603380911,1193.45
100885,North,Standard,Mini Truck,WH-A,Clear,105.202360054461,36.06304731575975,89.86783881811219,3.3164617008010144,5.0,0,1067.0632588877793,2433.469886400738,1213.64
100886,South,First Class,Van,WH-C,Clear,54.51781317904152,23.61012107669177,104.82604748093829,1.1353160561305704,2.0,0,904.3201271338304,1795.3322157891532,814.56
100887,South,Same Day,Mini Truck,WH-C,Storm,19.19789385572562,25.791236938796104,102.54080402685436,2.5669894471195405,1.0,1,688.8851860898704,1852.038996406444,1024.31
100888,North,Standard,Mini Truck,WH-D,Clear,320.2313004675862,81.91857018662138,105.5163331925784,6.1561387873787945,5.0,1,2373.8564728794654,4677.367649221622,2228.25
100889,North,Second Class,Mini Truck,WH-D,Clear,136.1946176832178,54.988486620355445,97.4217879844087,2.899279430517088,3.0,0,1351.6580157476335,3018.2583395791644,1554.71
100890,West,Standard,Van,WH-C,Clear,107.57092047858852,43.73489084385695,95.78560159031586,3.350842118240277,5.0,0,1156.1678994993467,2311.147449475846,1022.02
100891,South,Second Class,Van,WH-C,Clear,93.643379781777,20.985546853430915,100.22136289571172,2.223914050266925,3.0,0,924.6861712824888,1856.913563430705,851.46
100892,Central,First Class,Truck,WH-D,Clear,128.0305481995812,5.829217645572579,92.53514987447458,1.4244880583146768,2.0,0,855.6332038459251,1078.7640487098,85.59
100893,South,Standard,Truck,WH-A,Clear,92.9188520050973,40.66637028752993,96.780357328319,3.6468975418832064,5.0,0,1145.836910921368,2365.2576301674776,1127.11
100894,North,Standard,Truck,WH-C,Cloudy,67.96732431879164,31.465019675598207,94.9459326040718,3.430716735115943,5.0,0,1013.4202955835888,2082.3236238680142,979.23
100895,West,Second Class,Mini Truck,WH-B,Cloudy,96.3027059869985,25.4071617165377,87.23379409686048,2.6184067109127,3.0,0,1023.1846870983294,1845.7812111215608,687.86
100896,Central,Same Day,Truck,WH-D,Cloudy,265.7845107658992,28.154510590701697,96.76473302903445,2.566171542177365,1.0,1,1718.6262858431858,2625.794144954456,826.43
100897,South,Standard,Van,WH-D,Cloudy,212.537030781968,12.356038975119354,93.3541986495402,3.658970509269981,5.0,0,1228.504342727792,1610.4107515812418,302.95
100898,South,Standard,Van,WH-C,Clear,96.37896582133344,15.254088740190198,94.54468701589018,3.1694717258194425,5.0,0,869.0565061782459,1843.249920074807,827.75
100899,North,Standard,Van,WH-C,Rain,338.03124815177284,55.05479891465028,98.18270967389972,6.121109520200627,5.0,1,2245.339826848593,3552.04266766544,1192.9
100900,East,Second Class,Van,WH-C,Cloudy,121.80768607734224,4.47202473082537,103.63519880391976,2.7124670531279578,3.0,0,949.0852603993128,1167.0585242266625,158.87
100901,East,Second Class,Van,WH-C,Rain,77.95650373509338,50.40271173582505,90.90737945671214,3.934338853929874,3.0,1,1271.9466974079726,2895.1798742562187,1483.29
100902,South,First Class,Mini Truck,WH-A,Cloudy,155.96207488930858,67.75132067860865,93.98065070922384,3.2423731105606546,2.0,1,1675.459649700505,3332.3744545827008,1561.15
100903,North,First Class,Truck,WH-B,Clear,288.8501900783634,40.137385942410056,91.40950382184114,3.0074963055526447,2.0,1,1894.4979691676856,2929.67030532031,974.28
100904,East,First Class,Truck,WH-C,Clear,258.9127212623134,38.92121217050983,91.01891647320603,3.873541869908697,2.0,1,1864.0978797034288,2957.346284830278,1071.0
100905,Central,First Class,Van,WH-C,Clear,80.4048872107206,15.153619246589122,92.43258633810136,0.8893799520124308,2.0,0,822.6870918726983,1768.27893506124,803.97
100906,West,Standard,Truck,WH-A,Clear,59.307152637854216,16.87787916709271,94.82129830310885,3.483437497812886,5.0,0,741.5228952929147,1210.068761753194,388.64
100907,East,Second Class,Mini Truck,WH-D,Clear,101.7767027403724,22.208567070896184,99.51522994126502,3.444034586766876,3.0,1,986.7119101942776,1447.378563065981,394.2
100908,North,Standard,Mini Truck,WH-D,Clear,170.8450208702537,10.407935046895131,97.92267458870904,3.735162621592336,5.0,0,1074.434840031628,1368.8179380782626,162.0
100909,South,Standard,Truck,WH-C,Clear,197.0603719678048,15.978187634372611,89.6588580055005,4.861972258333289,5.0,0,1267.7962270302282,2108.045389146427,702.05
100910,South,First Class,Mini Truck,WH-A,Rain,238.99768258547152,31.39144375085265,103.76496194350293,3.7340301779390894,2.0,1,1532.456977909735,2478.314539581311,863.41
100911,West,Second Class,Truck,WH-D,Cloudy,140.5164698086042,21.28429470099968,101.66647383886225,2.921103509877871,3.0,0,1099.7061960631434,1668.059034356425,426.41
100912,Central,Same Day,Truck,WH-A,Clear,143.17029491359415,33.1791357121655,90.59288609634176,2.299401981472089,1.0,1,1217.8541641777692,1955.278821174163,555.5
100913,Central,Standard,Mini Truck,WH-B,Clear,137.55954734042325,54.93165962482134,103.34466535151736,4.83883058357274,5.0,0,1482.1584518887562,2964.0129248425687,1324.72
100914,Central,Second Class,Van,WH-D,Clear,222.13607272135195,33.01526894023091,97.96163047557766,3.2394212632107924,3.0,1,1595.6107199755052,2266.537368498939,519.24
100915,Central,Standard,Van,WH-C,Rain,198.98814263085185,39.19287105088088,95.06126818244852,4.898578846378553,5.0,0,1482.5863075112136,2881.4121863303208,1277.83
100916,Central,Standard,Van,WH-A,Cloudy,78.59673124455973,8.057753892448195,98.14848026687588,3.680812015644353,5.0,0,876.435648002584,1500.8048265,529.9
100917,North,Standard,Truck,WH-A,Cloudy,185.65129109625792,54.34422057816974,95.84537522624689,4.586973791515253,5.0,0,1613.25814333456,2936.7772378959803,1215.48
100918,North,Second Class,Truck,WH-B,Clear,214.30888264057864,7.873025251498205,99.27047192688843,3.6652390762055855,3.0,1,1281.2027221381454,1673.2224637053732,266.59
100919,South,Standard,Truck,WH-C,Clear,223.73980497880063,20.26137083702934,97.123893138787,4.93452971146978,5.0,0,1329.1193692189229,2135.352965437813,740.25
100920,East,First Class,Van,WH-C,Cloudy,152.20842576023534,12.841151063503515,93.9754436863668,2.430991933075447,2.0,1,1046.6405064337614,1267.0187030908244,137.31
100921,North,Standard,Van,WH-A,Storm,147.53148696366264,5.860755789152783,83.8450394450317,5.239603569756572,5.0,1,1103.1892032052065,1267.310721815423,104.09
100922,Central,Standard,Mini Truck,WH-A,Clear,124.91322722677492,31.922211479109635,99.16309524379156,3.7393141355931343,5.0,0,1165.930040352573,2323.092842253715,1038.93
100923,West,First Class,Van,WH-C,Clear,132.5645366678858,41.31354206697591,93.7580683296796,1.4290496562299964,2.0,0,1272.1666082456325,2649.3396192266187,1264.27
100924,East,Standard,Mini Truck,WH-A,Clear,309.89857740111114,68.79127624617303,100.66767965787147,5.407810246480539,5.0,1,2224.694475297112,3544.250667474436,1232.4
100925,North,First Class,Van,WH-A,Clear,135.14488770252515,34.88762389604696,98.89005037365432,1.7151255393343174,2.0,0,1143.830844100156,2401.7861195434843,1119.24
100926,South,Second Class,Truck,WH-B,Storm,82.57307873544521,15.905713045788437,93.91401473306396,5.040136435942492,3.0,1,904.8309262655024,1712.114860321681,733.84
100927,North,Standard,Truck,WH-C,Cloudy,154.03824756423722,20.932769573351447,102.13792914646402,4.4679105166247055,5.0,0,1255.0855078666518,2267.612631619863,926.67
100928,Central,Second Class,Mini Truck,WH-A,Clear,194.9175218876746,6.704360181368108,97.22904997101942,3.543068037405853,3.0,1,1239.7134040633937,1238.4194262530152,-138.61
100929,West,Second Class,Van,WH-A,Clear,218.67223478921525,22.492650302015296,96.98185708426853,3.382399846936097,3.0,1,1412.919672086635,1911.9674449649456,356.54
100930,West,First Class,Mini Truck,WH-A,Clear,67.46640872291518,28.778819308637072,95.17133587942116,1.711589142147687,2.0,0,988.0470510760892,1962.8179779613035,892.62
100931,South,First Class,Truck,WH-B,Clear,275.6900069203007,,106.10133427343878,3.668742146594034,2.0,1,1750.361943801216,2897.958794941096,1029.48
100932,South,Second Class,Truck,WH-A,Clear,190.889725758158,47.06498966125771,91.72039962542604,4.148158324874366,3.0,1,1485.807627496536,2956.325555398192,1387.78
100933,East,Second Class,Truck,WH-A,Rain,267.24407227100454,39.41450618772485,94.06395277524568,5.688697128931344,3.0,1,1897.9668385972484,2929.867562213125,928.81
100934,West,Standard,Van,WH-B,Cloudy,51.980221715934576,14.675192548653754,88.57598912952002,2.349974670568023,5.0,0,740.4492758469629,1169.9250803837392,314.44
100935,West,Second Class,Truck,WH-A,Clear,228.41863010934748,11.67847365586137,100.36038646394704,3.1146960816946945,3.0,1,1343.624108672891,1754.1489554436948,280.91
100936,South,Same Day,Van,WH-B,Cloudy,65.37973779318764,45.01041093879503,92.50710596185397,1.0134514770293284,1.0,1,1051.0107559396936,2442.525298645536,1270.4
100937,Central,Second Class,Van,WH-C,Cloudy,108.93943556959458,5.672444548197984,93.17978650964208,3.1775459140182267,3.0,1,802.5810255657725,1175.810401342899,253.67
100938,North,Second Class,Truck,WH-A,Clear,194.33480922056864,88.57568356981076,92.89838020705692,4.830870622742787,3.0,1,1963.791270382064,4942.682039063883,2906.64
100939,Central,Standard,Truck,WH-C,Cloudy,61.27996612905959,17.012418884971652,96.37633149637432,2.6134325871403847,5.0,0,789.540345638987,1207.2151544697276,294.09
100940,North,First Class,Van,WH-C,Cloudy,92.47904569743793,58.90483935848906,88.49544249204513,2.823912082101371,2.0,1,1283.7027145856305,3134.9793107681303,1721.99
100941,South,Same Day,Van,WH-C,Rain,51.33291889581891,19.30134705878936,82.54052840338643,1.720775173094797,1.0,1,701.7061424714188,1307.1889991688136,471.37
100942,Central,Standard,Van,WH-C,Clear,191.4996628810813,41.91990328032936,98.74622422435664,4.552086159846572,5.0,0,1518.4933449789985,2775.922711476405,1172.61
100943,North,Standard,Van,WH-D,Clear,77.77488174017981,12.009651559943505,83.31865376277774,3.1909070203489724,5.0,0,733.8229576693791,1658.419775257681,782.55
100944,East,Second Class,Truck,WH-A,Clear,130.20477546629107,29.917531040169784,101.12482670386429,4.3099181113421166,3.0,1,1106.5656650527965,2213.6485550768434,1043.19
100945,East,Standard,Van,WH-A,Clear,162.39849739477066,7.107713702582037,105.35116649721088,4.1606421022412805,5.0,0,1142.87027370475,1333.231452674789,95.44
100946,South,Second Class,Mini Truck,WH-B,Clear,153.04790329216098,36.0747194727585,95.0146571763898,2.894488844176867,3.0,0,1415.6499936645805,2778.426148153726,1262.42
100947,West,Standard,Van,WH-C,Rain,145.269850293201,11.84615951057478,103.79695768032292,4.067537805317335,5.0,0,1192.4831858382208,1594.2654006226394,335.97
100948,Central,Standard,Van,WH-D,Clear,145.10956041549923,13.337382922112203,95.85446148274067,3.743159756166204,5.0,0,1087.2453577182737,1772.9092738661152,585.84
100949,Central,Second Class,Mini Truck,WH-D,Clear,53.67326316730038,21.70822812006773,105.59544695446722,2.3840831189857243,3.0,0,784.532102954177,1900.338888974998,998.05
100950,South,Second Class,Van,WH-C,Storm,112.51238118926324,24.850315898441806,93.26269288732074,4.9137159261726095,3.0,1,1103.9758011308566,1227.7741892422723,77.7
100951,East,Second Class,Van,WH-B,Clear,144.37340234269598,40.27254678228276,82.0,3.577769947284422,3.0,1,1304.716247824356,2571.0617005383606,1170.16
100952,South,Second Class,Mini Truck,WH-B,Clear,135.56810827355972,37.80020438019192,95.520529535361,3.122415930787912,3.0,1,1223.9799739225623,2210.911744119362,938.13
100953,South,Second Class,Mini Truck,WH-A,Clear,120.24179014682048,31.971029250631315,106.24777916046445,2.756179713833994,3.0,0,1223.17458040239,2024.005110249051,619.38
100954,North,First Class,Truck,WH-B,Clear,84.43668651982877,50.306403749647984,99.2098098356425,1.959731447694513,2.0,0,1065.5409279459636,3232.275905053639,2049.3
100955,Central,Second Class,Van,WH-C,Clear,151.173415338808,37.14010283700944,92.90806062877292,3.202180900814594,3.0,1,1279.677946775788,2389.734669085565,995.65
100956,Central,Second Class,Truck,WH-A,Cloudy,167.15762624580194,38.83208348809042,97.9734070157084,2.91425051413136,3.0,0,1434.9201561597422,3049.644948741381,1496.6
100957,West,Second Class,Mini Truck,WH-D,Clear,100.02047905957409,13.245958507779818,101.82674903071532,2.157092462974421,3.0,0,842.3534440990442,1131.4611805351526,157.95
100958,East,Standard,Mini Truck,WH-D,Clear,219.50287154911112,52.665205426181885,95.48630136651316,4.231907483009609,5.0,0,1694.0002566069902,2925.4652799139694,1087.23
100959,East,Standard,Van,WH-B,Clear,278.8202322197868,48.79172727824533,111.75834051205427,5.003265898443504,5.0,1,1954.5020242911835,3346.549719806931,1336.77
100960,East,Second Class,Van,WH-D,Rain,131.6967181980916,32.97146298352948,92.89549226088307,4.749596466245508,3.0,1,1300.81401600077,2204.626806191058,747.96
100961,East,First Class,Van,WH-A,Clear,79.68532545857572,47.71839754629603,102.0150643322685,1.868228915140142,2.0,0,1068.186510844886,2833.564526734948,1611.77
100962,East,Second Class,Van,WH-D,Cloudy,60.78541916284371,28.426337532326187,100.5716234188908,3.436715693464184,3.0,1,816.7053000196129,1961.537874129076,1037.15
100963,North,Standard,Truck,WH-D,Clear,108.00733494477544,70.86364360288431,91.80103545181166,5.289261159800596,5.0,1,1398.482483409255,3651.5876003186977,2147.26
100964,North,Second Class,Van,WH-A,Cloudy,126.17715553916013,31.04946879949853,93.45335839591397,3.601368693575794,3.0,1,1069.404046299558,2130.9396771684133,1060.13
100965,Central,Standard,Van,WH-C,Clear,58.68548560941417,27.794669396986777,102.1085918848762,3.1772671232907808,5.0,0,789.7771365553192,2006.7046512843767,1150.47
100966,East,Second Class,Van,WH-B,Clear,106.05903157552676,37.31013460683685,96.86872732562544,3.68753254707016,3.0,1,1078.964196599744,2569.1009437777248,1361.98
100967,Central,First Class,Truck,WH-D,Clear,213.26758763624863,79.66528361110807,98.02843036036364,2.789235075958916,2.0,1,2011.924661053383,4614.767972710474,2450.82
100968,North,Second Class,Van,WH-A,Cloudy,29.14341466255232,19.735736354957925,86.18419587777386,1.5849324688586337,3.0,0,648.9649595004557,1551.787994045291,767.31
100969,East,Second Class,Van,WH-A,Clear,136.4634644123968,35.789653492331745,99.9359919309726,3.519195848291383,3.0,1,1240.186090872429,2307.231494741952,959.7
100970,South,Standard,Van,WH-B,Clear,92.13857707776208,20.775130122485656,97.7237810644954,3.63054444965318,5.0,0,871.2978446408225,1624.6889942796436,575.99
100971,South,Standard,Mini Truck,WH-A,Clear,128.44338232322588,27.771409576895028,95.61653986415308,4.380647409240381,5.0,0,1159.744246719958,2453.9576158619425,1149.03
100972,North,First Class,Van,WH-B,Clear,286.93761448028283,15.854901077713084,98.16535117835446,2.529224012168146,2.0,1,1721.2160786795184,2091.555171296061,274.12
100973,North,Second Class,Truck,WH-C,Clear,124.99007582071576,38.196707270734734,93.5446937572545,3.239684292221832,3.0,1,1158.682873580139,2001.6986561556653,656.64
100974,Central,Second Class,Van,WH-C,Clear,114.7228121612743,29.41144705587561,92.44858497669917,2.866568208521809,3.0,0,1178.1343296154896,1638.3558743144715,388.59
100975,South,Standard,Van,WH-C,Clear,184.77416495710187,47.1067253198632,94.54868681016534,4.282766129002772,5.0,0,1540.976957346183,2715.134589203064,1115.67
100976,West,Standard,Van,WH-A,Clear,152.3371180764387,55.11863570438719,93.2147809300902,3.782576833955244,5.0,0,1472.579229831169,3226.2513303178966,1658.41
100977,East,Standard,Van,WH-A,Clear,136.79652361108882,60.18103785932802,109.0831773662592,4.107066934782677,5.0,0,1508.0865439496567,3324.7456463497524,1733.21
100978,East,Standard,Van,WH-D,Clear,155.42484798276453,21.34525528376784,101.47122437306156,4.294904963973069,5.0,0,1197.227263970384,2019.5790651130744,725.12
100979,East,Standard,Truck,WH-B,Clear,244.97561017487536,37.35640941244733,90.1891864561698,5.305634161498062,5.0,1,1752.2366494611265,2616.6387954419547,726.47
100980,North,First Class,Truck,WH-A,Clear,205.80986603276136,62.50415602505433,108.21777601356506,2.850939130080859,2.0,1,1797.6275550344085,3894.970380655771,1988.53
100981,Central,Second Class,Van,WH-B,Rain,110.15203047054985,15.76775019118789,93.40286033138212,3.706259770632198,3.0,1,1002.576813547339,1790.4760068056337,678.19
100982,Central,Standard,Van,WH-A,Clear,278.72080309997835,31.473671436809937,96.17673220478572,5.011189801416843,5.0,1,1708.8392118593292,2517.0911119576604,696.19
100983,West,Standard,Truck,WH-B,Rain,95.55168156463029,16.54774005027997,101.38450316958792,4.425147243388356,5.0,0,983.6643680001376,1887.1420063605,874.41
100984,East,Standard,Van,WH-D,Clear,136.47406908466957,79.03736104805165,84.18006873661432,4.224623892195318,5.0,0,1571.5179189075536,3636.846488099563,2008.36
100985,North,First Class,Van,WH-B,Clear,145.41113524589466,62.07681459349649,94.5778449183542,2.383427732122916,2.0,1,1519.6118238688605,3399.390319829171,1783.26
100986,Central,Standard,Van,WH-C,Clear,107.09628695760163,41.385562175982514,92.559996894197,3.1937800270098755,5.0,0,1326.805321709381,2599.8027557430146,1192.5
100987,South,First Class,Van,WH-B,Clear,262.5672474629343,40.98500191439014,97.2304804772648,3.2159563079253344,2.0,1,1624.9513817289342,2980.5602431682346,1253.72
100988,North,First Class,Truck,WH-B,Cloudy,103.9668214812716,17.707741396839037,98.22029809959264,1.725985552089045,2.0,0,963.273026656601,1231.242951039017,108.83
100989,South,Standard,Mini Truck,WH-C,Rain,119.37922048022432,66.47862487421172,95.53644380800588,5.6063721195921765,5.0,1,1507.9855448710125,3475.968615365829,1860.59
100990,West,Second Class,Mini Truck,WH-C,Clear,222.2180258882952,24.08009574437579,95.25811621092608,3.716138592184686,3.0,1,1433.0574965477772,2215.1512839729803,718.37
100991,West,Same Day,Mini Truck,WH-B,,97.6847044643748,18.966694263297093,102.39078823581266,1.6141288213118272,1.0,1,933.9621742845382,1815.857381640498,799.65
100992,West,Standard,Van,WH-A,Clear,57.09451741269319,56.92763804601567,97.80891558200425,3.659313298346508,5.0,0,1139.2935300604713,3362.5528374549936,2053.39
100993,West,Standard,Van,WH-D,Clear,138.6933568179829,22.560261124507587,96.24855006031166,3.268620404467214,5.0,0,1101.4947365371063,2097.314298105344,832.18
100994,South,First Class,Van,WH-A,Rain,68.46615940212845,19.525864358608125,96.88722354876084,2.318496479452706,2.0,1,867.8955598980378,1650.0104202079297,651.26
100995,Central,First Class,Van,WH-D,Clear,63.6792528198953,48.76697945615219,107.01533398518131,2.5056945230689123,2.0,1,1069.6734111054088,2936.511311646784,1811.52
100996,East,Second Class,Van,WH-B,Clear,29.659663875816623,12.466569205124188,97.03604386190464,2.5032294613586097,3.0,0,717.6284053869197,1276.776115882531,438.41
100997,West,Second Class,Van,WH-D,Rain,32.755320481572475,41.69827085126263,92.91330897020576,2.431329945285366,3.0,0,910.4043293879454,2480.1873574055235,1446.35
100998,North,Standard,Truck,WH-B,Storm,34.629397975530935,31.704120606878973,84.54600546833365,5.330279084285092,5.0,1,894.383094241061,2265.790086954197,1260.51
100999,Central,First Class,Van,WH-C,Cloudy,298.57506169561566,46.3275640005314,87.39637575579027,3.524335069714284,2.0,1,1907.734308166275,3086.557344775291,1088.77
101000,South,Standard,Van,WH-C,Clear,34.52886079289849,38.9171288434369,93.19784462952144,3.914917363721976,5.0,0,921.3618131049624,2431.5002653607794,1412.83
101001,North,Standard,Truck,WH-B,Rain,67.36853297720192,108.53396069509292,95.34973893627512,5.129145705537938,5.0,1,1734.9733625191136,5285.881058101748,3463.3
101002,East,Second Class,Van,WH-A,Clear,120.54635501186118,33.60525514149984,92.66627124233857,3.373057322551004,3.0,1,1168.651419886332,2472.024349583108,1233.45
101003,North,Same Day,Mini Truck,WH-C,Clear,180.2944636171329,22.51331254573285,98.10686386227484,2.241143064861343,1.0,1,1219.462968517188,2288.4038752190304,911.13
101004,North,First Class,Van,WH-C,Clear,190.5179996636772,29.51856777108869,92.58895173295016,1.6437142860228748,2.0,0,1331.1549480890424,2846.750049184217,1374.71
101005,West,Standard,Truck,WH-B,Rain,79.71636027951111,38.65930279436882,90.51306437918744,4.025386960058637,5.0,0,1162.7459628313857,2588.274898028371,1325.5
101006,South,Standard,Van,WH-D,Rain,135.05978151009649,76.44447733745365,99.67586301214448,4.753339689733511,5.0,0,1611.94003133952,3832.674607690224,2098.41
101007,Central,First Class,Truck,WH-C,Cloudy,118.51866336986924,43.35316694655005,104.21636698126808,1.6490521566225027,2.0,0,1294.2218133294452,2788.7096999896166,1370.85
101008,South,First Class,Van,WH-A,Clear,130.71476236953916,17.03495038485081,89.35699441352071,2.439370414521343,2.0,1,969.5623935619928,1799.8192910121056,638.26
101009,West,Second Class,Van,WH-D,Clear,140.7153874402283,120.0,97.46229518224688,3.486883370155802,3.0,1,2106.1192225225595,5766.665370770007,3520.01
101010,East,Second Class,Truck,WH-A,Clear,162.09427745949702,53.75954053938916,84.56997205107709,4.541914009902938,3.0,1,1444.233990089653,3508.386301733225,1924.94
101011,West,Standard,Van,WH-C,Rain,91.10433563902716,16.328180817867867,87.15277121563705,3.9730618212236,5.0,0,842.7832933283671,1163.430797983226,209.32
101012,West,Standard,Van,WH-B,Clear,239.32079780570703,13.318556993474512,92.46740503213697,4.189200319890637,5.0,0,1364.714334932784,2115.3420996347377,655.83
101013,East,Standard,Mini Truck,WH-C,Clear,321.1414824361265,11.501112300217908,102.80946259426317,5.101677089895199,5.0,1,1683.6341974438155,2277.7011528078365,435.67
101014,Central,Standard,Van,WH-D,Cloudy,104.43508057527892,28.53106357603456,91.32776382176716,3.303117477926066,5.0,0,1066.2798667940476,2214.1812267423693,1015.07
101015,South,Standard,Truck,WH-C,Clear,377.8147299322109,29.310633934270555,91.10339715140672,5.733746943033503,5.0,1,2083.7285353978004,2741.904373686044,577.21
101016,North,First Class,Truck,WH-C,Rain,94.4795956748037,18.67303179577367,96.2165236913667,3.0421546449657484,2.0,1,885.1291191350849,1619.2272786391716,608.21
101017,West,Standard,Van,WH-D,Clear,136.42198917088882,10.229037941623938,96.2225016668991,3.216655506911508,5.0,0,987.9983362029084,1435.8440197434857,308.54
101018,Central,Standard,Truck,WH-C,Rain,119.13785476488216,13.540007853604743,91.28921116347198,4.16634446401719,5.0,0,919.5240831763422,1703.456476800806,747.29
101019,North,Second Class,Van,WH-D,Clear,133.40423191675018,43.886404111409306,107.91732940357944,2.4690470141328733,3.0,0,1351.92030246282,2866.199071876285,1436.56
101020,East,Standard,Truck,WH-B,Clear,225.411227517246,24.35403069726715,94.40781976130776,5.04637266828421,5.0,1,1504.4581272456476,2311.3708085280414,684.22
101021,Central,Standard,Van,WH-A,Clear,115.22042377730295,14.69642492466798,96.68150989450848,3.1153484178201545,5.0,0,950.8269593490958,1722.5280528373494,729.06
101022,West,Second Class,Van,WH-A,Clear,61.95685923797242,31.633617563410866,93.58932277373736,2.252576073835261,3.0,0,920.6392855592802,2338.197307573556,1369.37
101023,Central,Standard,Van,WH-C,Cloudy,90.11399680289416,35.52509184531954,98.63982937290707,3.505041871204254,5.0,0,1164.1121134647271,2508.8208518637634,1244.17
101024,East,Second Class,Mini Truck,WH-C,Clear,115.37025141069964,37.97065295472284,103.4097453582247,3.35735427701609,3.0,1,1175.9155864221186,2194.4640985036945,891.34
101025,West,First Class,Truck,WH-A,Clear,143.28819418798795,30.8762007390345,105.98198218172745,2.322850097380401,2.0,1,1175.4560291731468,2439.2813884986595,1135.0
101026,South,Standard,Mini Truck,WH-A,Cloudy,79.94947121277222,27.90525764060316,91.42640594841671,4.0424343095345385,5.0,0,977.0459256883096,2468.955492629967,1326.53
101027,Central,First Class,Truck,WH-D,Clear,85.41822064719665,59.75284414390171,102.60477105780728,3.1554797580292844,2.0,1,1214.112934401811,3217.7041866443683,1890.71
101028,South,First Class,Truck,WH-C,Cloudy,146.2234703443857,13.959572176360052,99.29808491730611,2.958666533210106,2.0,1,1065.560765871764,1968.5359763171955,806.02
101029,West,First Class,Truck,WH-D,Cloudy,149.0626467107586,25.55729375840185,101.84721965676049,3.050065218112541,2.0,1,1169.2434471219235,1810.166101920738,576.68
101030,East,Second Class,Mini Truck,WH-A,Clear,208.3667018790896,6.515673199477977,95.4487243638432,3.4690751801357256,3.0,1,1187.8102306912429,1415.2149900599156,130.87
101031,East,Second Class,Truck,WH-A,Cloudy,89.43622590252015,23.37825354455366,94.87775536030692,2.9006979847595216,3.0,0,930.0006579188794,1689.0693033651107,624.31
101032,West,Second Class,Van,WH-B,Clear,170.9057783946691,33.06230888120272,101.61428787428396,2.994581521737091,3.0,0,1395.610775811797,2708.8034517020574,1176.85
101033,East,Second Class,Truck,WH-D,Clear,119.26680242365777,48.47678791795834,101.72815503633772,4.190116662069347,3.0,1,1357.3201658464743,3266.917323847213,1790.34
101034,Central,Standard,Truck,WH-C,Clear,97.25804187023,6.698645980688438,105.39432338317133,3.7424712224540255,5.0,0,872.7899358064751,1204.8139926106842,202.88
101035,East,Same Day,Van,WH-D,Rain,121.5212097366103,32.4456271383629,97.19128533270292,3.084320982375411,1.0,1,1199.019586247954,2544.4373894491514,1190.74
101036,West,Second Class,Van,WH-B,Clear,131.3046091734899,83.13697199160565,95.35851223419148,2.206903480987192,3.0,0,1647.1579574779005,4608.20988916913,2848.42
101037,South,First Class,Van,WH-B,Clear,57.65370847629943,39.73782246432201,82.0,2.366502573421374,2.0,1,818.1130308739993,2405.584214411158,1429.62
101038,East,Standard,Mini Truck,WH-C,Storm,60.66417838074543,12.091932145603431,86.33243677202799,5.459559595374768,5.0,1,798.7504866955601,1401.126845567518,517.81
101039,East,Standard,Van,WH-D,Clear,183.7331126719635,23.40714400023269,93.63449036889963,3.733280304987909,5.0,0,1165.0056358841723,2203.5949172251226,931.15
101040,North,Second Class,Mini Truck,WH-B,Rain,102.9352304827476,40.53642013040222,89.39364641252271,3.994679536072507,3.0,1,1068.4945011272823,2315.032884444159,1153.37
101041,North,Second Class,Van,WH-C,Cloudy,143.87049149281253,19.284180467442045,100.88478339259947,3.052370774919808,3.0,1,1112.431514473264,1819.2901412535005,569.11
101042,West,Standard,Truck,WH-D,Rain,180.77977945911448,34.84109772775822,88.13987423052627,5.043185860337816,5.0,1,1428.5291375818574,2985.062093231703,1482.04
101043,West,Standard,Van,WH-B,Rain,121.93648076096572,33.57171620021482,92.99217402989828,4.609699302101894,5.0,0,1161.2677395309383,2170.207500915328,910.2
101044,West,Standard,Mini Truck,WH-D,Storm,172.61952051922478,28.260091038819706,93.22784104116909,5.691864623185275,5.0,1,1453.04380168038,2398.0551565863816,900.1
101045,North,Second Class,Truck,WH-C,Clear,131.77800519142554,11.121379552872416,103.22845850039668,2.298661290485221,3.0,0,1016.9906502438575,1590.7639438879708,442.97
101046,South,Standard,Van,WH-D,Rain,135.2644931686032,17.858270843261444,92.35056750588214,4.450584914516158,5.0,0,1072.702120187348,1681.1489025716824,454.81
101047,North,Same Day,Van,WH-B,Rain,235.32618953113183,88.07490447544322,98.71447270828791,2.6159267667248813,1.0,1,2220.1413160532707,4625.847284450227,2263.83
101048,West,Standard,Van,WH-C,Cloudy,114.49144105150071,22.3850068313912,97.1742367651363,3.696892099088263,5.0,0,1119.2850538341622,2294.869834620424,1037.14
101049,Central,Standard,Van,WH-B,Clear,184.87927733388304,24.243308297600898,101.41973091268368,4.485109751573753,5.0,0,1343.3149802973646,2192.4277011546487,709.73
101050,South,Standard,Truck,WH-C,Storm,50.924183096941526,24.15819197169055,101.10129031269888,4.711430050079227,5.0,0,837.1376127130939,1987.1294803140515,1015.5
101051,West,Second Class,Mini Truck,WH-B,Clear,141.0013621461617,47.76056097127655,95.79935932278272,2.830414175037048,3.0,0,1332.544606592799,3268.919342834539,1804.87
101052,North,Standard,Truck,WH-C,Clear,267.3553148187229,25.04752299911474,85.82223292435691,4.267936020791947,5.0,0,1531.6466082670745,2160.692831390519,495.28
101053,South,Second Class,Truck,WH-D,Clear,392.42419251697646,28.67659028773453,94.60955468012622,4.892987614900439,3.0,1,2132.681898397162,2334.3452500050084,114.61
101054,North,Same Day,Van,WH-B,Clear,52.70983728961946,32.457795357195096,95.88026613280708,0.9049421965881144,1.0,0,824.3025841269496,2570.360778592298,1643.06
101055,South,Standard,Mini Truck,WH-B,Cloudy,102.63334500524944,50.99307763366315,97.71605539891668,4.012830819903693,5.0,0,1242.6875248722058,2956.607416743256,1601.46
101056,West,Second Class,Mini Truck,WH-B,Clear,69.45107480957546,28.76262937646603,91.57466912867514,2.724898642670222,3.0,0,918.011550626728,2241.392063500198,1225.13
101057,Central,Standard,Van,WH-C,Cloudy,117.11515076506991,30.789479292191693,102.84540671045168,4.1771409032941405,5.0,0,1022.9863016095928,1990.22518807557,912.06
101058,South,Standard,Mini Truck,WH-C,Rain,201.223992397706,19.93537784609236,96.08171650988996,5.570804278140393,5.0,1,1293.2622372963158,2016.8791207789216,656.84
101059,East,Standard,Van,WH-C,Clear,239.857325019856,35.345081112526195,90.47701591312725,4.3998840383710895,5.0,0,1584.1226880895124,2300.623071096272,598.45
101060,West,Standard,Mini Truck,WH-A,Cloudy,244.024095214564,41.739844433903,93.25063296754992,5.195805941577596,5.0,1,1700.1320914057271,2841.292419806552,999.46
101061,Central,Second Class,Mini Truck,WH-A,Clear,49.49795458333249,43.50135761937773,107.57125592380098,3.2930010296935297,3.0,1,966.3051402932376,2380.167111491782,1303.54
101062,West,Second Class,Truck,WH-A,Rain,129.7031175322164,80.20904245876048,99.98626735767898,4.983225587871287,3.0,1,1654.9572915266824,3861.99564126275,2000.27
101063,South,Second Class,Van,WH-D,Storm,88.34617938913411,16.97535324512043,102.29073933338644,4.332381055512212,3.0,1,916.806224653866,1528.3058788735368,533.69
101064,West,Second Class,Truck,WH-D,Clear,113.23150670535628,29.530727204505546,89.75047818171952,2.5756017709690857,3.0,0,994.7054077144332,1552.6366850988002,432.36
101065,South,Second Class,Van,WH-A,Cloudy,95.92409798326136,25.156426777685784,91.8670218468972,2.6202883402541626,3.0,0,951.0735689229002,1638.6319844775471,532.37
101066,Central,Standard,Truck,WH-A,Clear,51.24768961670319,71.85847948791755,91.91146616471254,3.374287750471446,5.0,0,1232.7308526710622,3818.471600916015,2438.44
101067,South,Standard,Van,WH-D,Clear,241.11464534830444,44.51231319000111,97.10636242553171,4.679038993042987,5.0,0,1697.4013518110744,3012.390860233922,1182.06
101068,West,Standard,Truck,WH-C,Cloudy,80.44219119296437,8.699774209300312,94.95598901348664,3.716656229014479,5.0,0,776.4065394770012,1006.8406273600956,82.98
101069,North,Second Class,Mini Truck,WH-B,Clear,89.35209457421806,18.78471565649162,93.06303353245788,3.122953520515664,3.0,1,909.9328131467672,1811.6213575465408,789.75
101070,East,Same Day,Van,WH-C,Cloudy,268.2153305079378,23.20744788290688,93.81558244497928,2.6207764233590285,1.0,1,1657.2888852090628,1945.1173464267777,119.63
101071,Central,Standard,Van,WH-A,Clear,45.19681270937255,9.750592496118308,91.23578887994958,2.8279810836353603,5.0,0,595.5104832635324,1432.3677453327207,681.95
101072,West,Second Class,Truck,WH-A,Clear,160.8136942113078,30.962183441904216,94.92096427859154,3.169666652601572,3.0,1,1190.437499331218,2237.117852007258,966.51
101073,East,First Class,Van,WH-B,Rain,216.4210364480704,20.53535518948648,102.67929350300248,3.495608679908057,2.0,1,1506.7104825226663,1888.620575208931,260.66
101074,Central,First Class,Van,WH-D,Clear,256.8772262755556,82.26146453133626,86.92116389070148,3.682197383045123,2.0,1,2137.8907604785377,4365.548753554914,2171.81
101075,Central,Second Class,Van,WH-D,Cloudy,154.8178409166389,35.16829095482093,98.07887660181136,3.471413580055638,3.0,1,1256.826332802358,3054.949284099572,1634.86
101076,South,Second Class,Van,WH-A,Clear,186.7196378902573,22.60434923930999,104.28055616927774,3.4521490769571948,3.0,1,1326.3986097343502,1805.360239415655,361.11
101077,East,Second Class,Truck,WH-C,Rain,216.3584893093704,14.634886584576607,94.9008774086066,5.0504009435454496,3.0,1,1426.7747961126026,1802.2106375373728,218.23
101078,East,First Class,Truck,WH-D,Clear,118.16772201282392,27.930728195121542,92.82674382512462,2.964869589436684,2.0,1,1178.0067605107515,2269.411748410794,985.23
101079,West,Standard,Van,WH-D,Clear,73.51210180219535,68.2591237459893,101.54538891570353,3.6970722646281007,5.0,0,1324.0638498890416,3285.5652733193115,1916.47
101080,South,First Class,Truck,WH-D,Clear,279.0439616396872,25.34599858460986,90.09466873878694,3.0649178270118287,2.0,1,1723.5873958209063,1866.8626178151285,-59.03
101081,South,Standard,Van,WH-A,Clear,175.93762064628987,28.08920225174516,95.86385082036762,4.457215227172753,5.0,0,1242.2644271827587,2033.802866989094,676.95
101082,Central,First Class,Van,WH-A,Storm,129.6179608462281,55.20452164352074,89.76093539768564,4.074598905937712,2.0,1,1453.6340521275936,3320.9499522542155,1792.32
101083,Central,Standard,Truck,WH-A,Clear,53.07226454720561,34.54252031145552,84.77939417985432,3.2734683818271435,5.0,0,867.0498832168781,2122.644985088209,1105.49
101084,Central,Standard,Van,WH-A,Clear,25.02442027010554,47.18658289649598,95.08809441123122,3.2065252157124435,5.0,0,934.3476274448144,2580.357623712781,1464.75
101085,Central,Standard,Truck,WH-A,Cloudy,159.09253516419622,36.705913837238064,88.4196296203981,4.507462033288736,5.0,0,1413.3448889193364,2708.8837019336192,1192.62
101086,West,Standard,Mini Truck,WH-B,Clear,23.73904842203163,35.453887552728176,95.92997692002498,3.3807031076633205,5.0,0,814.252195512037,1988.392244289613,1067.61
101087,West,Standard,Truck,WH-C,Clear,128.82169056372305,8.320063984851906,102.69017774628423,3.02930193798568,5.0,0,901.2943257326172,1325.8526466525448,306.23
101088,West,Standard,Truck,WH-B,Clear,82.75578752898934,13.176623371541147,107.12553244007772,3.7791030338212033,5.0,0,761.5616446503112,1071.21184534154,238.53
101089,East,Standard,Van,WH-B,Clear,95.78176863523085,32.28644804534411,96.56117570365925,3.9175341119166993,5.0,0,1135.7077618219678,2279.4719744479407,1057.94
101090,East,Standard,Van,WH-A,Cloudy,245.4434925859628,15.620848998607944,102.1152949918536,4.685352027925024,5.0,0,1502.7264469815875,1892.7673172439368,217.67
101091,South,First Class,Van,WH-A,Rain,83.2406755965419,27.94985640150053,98.3937759006398,2.455807229564524,2.0,1,1018.912718605766,2210.8118338726,1086.53
101092,West,First Class,Truck,WH-D,Rain,132.50230127894838,12.292215122168823,93.70131831674964,2.313670836262585,2.0,1,1006.3016714567078,1219.2942840266758,132.31
101093,South,Second Class,Mini Truck,WH-C,Rain,83.51725855275429,55.47053561283526,84.45134187641463,3.2915371466151138,3.0,1,1249.1902159813958,3010.239523489593,1666.87
101094,South,Standard,Van,WH-A,Clear,150.99105784621602,16.972904374355828,105.75895396249273,4.087305958132236,5.0,0,1069.9401428750152,1397.1366802341636,179.65
101095,West,Standard,Van,WH-D,Clear,139.29104885511447,14.6029857358287,89.70538686431327,4.13433985559925,5.0,0,1052.8588786864098,1544.1106743617468,450.41
101096,East,First Class,Van,WH-D,Cloudy,128.87182821491717,10.286725000603436,104.29662546850662,1.8103140190584424,2.0,0,919.693577960457,1793.3118596700876,754.71
101097,South,Standard,Truck,WH-D,Storm,216.78894882830747,43.207880391587786,99.22084577557352,6.104278448442378,5.0,1,1668.265358032043,2751.9313737777934,887.49
101098,Central,Standard,Truck,WH-A,Cloudy,45.27419002029015,27.92499350860965,90.14392328851584,3.851703788049668,5.0,0,776.2005144942523,1601.163339302463,643.88
101099,Central,First Class,Truck,WH-C,Clear,37.09586800984099,54.2710655158043,97.87199017091372,1.9414350529172253,2.0,0,853.9793847643369,2759.103235774573,1775.06
101100,North,Same Day,Mini Truck,WH-D,Cloudy,59.65269254165167,20.028681246840428,108.79746636771198,1.3461403863203962,1.0,1,801.9563752322623,1265.7267756006063,307.69
101101,North,Standard,Van,WH-D,Cloudy,139.68798433038722,12.920841792457605,105.21391548518262,3.5444990433822574,5.0,0,1002.46694891465,1218.4871402062813,60.28
101102,South,Second Class,Truck,WH-A,Rain,165.3682650995053,27.12592229363248,92.9237216631933,4.158564507351654,3.0,1,1278.2021802147449,2296.194661210993,912.4
101103,West,Standard,Truck,WH-D,Cloudy,13.098073744285593,60.70772238895108,91.7281154508919,3.378678671819122,5.0,0,1003.3557816712496,2768.8991741793293,1623.18
101104,Central,First Class,Van,WH-B,Clear,164.17515307706398,8.151665631509822,96.60124822389643,0.9945239852810251,2.0,0,1173.1046592144078,1483.360717124808,137.66
101105,North,Standard,Mini Truck,WH-B,Clear,304.8757938816098,34.0596286750072,95.00691762618098,4.345199587620789,5.0,0,1870.8645522082384,2649.4779876078146,712.85
101106,West,Standard,Van,WH-C,Clear,104.14674792311772,36.21523600787331,103.19842431385638,3.7014048505108392,5.0,0,1143.2960578989089,2230.761052287464,957.28
101107,North,Second Class,Truck,WH-D,Clear,282.9077889003124,66.60882138180887,100.43753481853082,4.976954964077019,3.0,1,2115.792217595079,3897.206727543744,1658.76
101108,South,Standard,Truck,WH-A,Rain,157.59758019512952,16.104825445327492,85.84655039082946,5.526872803414703,5.0,1,1192.1705952706925,1461.243633936864,155.46
101109,Central,Second Class,Mini Truck,WH-C,Clear,265.3737339668008,7.706019516191446,98.75205153254348,3.878369726652876,3.0,1,1484.6160268917297,1780.712562962278,185.58
101110,North,Standard,Truck,WH-D,Clear,238.87682460271452,21.40235835895459,94.9254542347958,3.468879859414085,5.0,0,1498.429281019384,1868.6828272820776,252.15
101111,North,First Class,Van,WH-C,Clear,104.17958317073663,46.78397318274642,96.2226488161684,1.6478864763862682,2.0,0,1253.4049799117329,2668.7225084999686,1294.27
101112,East,First Class,Mini Truck,WH-B,Cloudy,201.69847865161915,29.08733226336318,97.49365808556396,3.863818336457734,2.0,1,1295.3088351692943,2142.0381362314383,697.58
101113,West,Standard,Truck,WH-A,Clear,104.04613006605597,38.57818340610324,103.1923740316596,4.309034276628846,5.0,0,1261.873672139984,2625.6223946527657,1237.07
101114,Central,First Class,Truck,WH-C,Clear,301.86555562700795,13.530244965997078,101.86675778127612,3.812255397006695,2.0,1,1746.048392468881,1993.618287213728,143.8
101115,Central,Standard,Truck,WH-C,Rain,109.9557109414088,24.357270313524964,91.50154355587622,4.41655796737938,5.0,0,1062.5707055975035,1268.0712601275343,124.9
101116,North,Standard,Van,WH-C,Clear,169.73934018442304,29.77631571874437,95.648328193862,3.209765555660113,5.0,0,1223.206462366576,2300.5915437137924,983.92
101117,North,Standard,Truck,WH-D,Clear,332.29888145859627,9.15906300332117,93.30887164285672,4.873209673071864,5.0,0,1785.6103164898998,1310.0341727952823,-594.72
101118,West,First Class,Mini Truck,WH-C,Clear,173.86962060388012,29.66442499757906,85.90892418656041,2.2402155406613526,2.0,1,1261.8076670216828,2154.883038947697,807.79
101119,South,First Class,Van,WH-C,Clear,97.72145157170854,22.87891067755888,95.34377695439346,2.5788288410315467,2.0,1,990.6024664479528,1818.2537131396373,684.55
101120,Central,First Class,Truck,WH-A,Cloudy,55.13296251458823,120.0,107.06852656535456,3.0645267731403525,2.0,1,1680.255091961802,5371.2247751433,3565.92
101121,West,First Class,Mini Truck,WH-C,Rain,,28.34359213053964,85.72773963750151,2.1993089671304737,2.0,1,957.0170085026288,2084.2731529900148,977.23
101122,North,Same Day,Truck,WH-A,Clear,163.7186712978721,68.75533557404587,95.8556292380396,2.160857828928229,1.0,1,1569.3537237502392,3887.415501669796,2230.42
101123,Central,Standard,Mini Truck,WH-C,Storm,121.49893928518505,38.40162072720504,95.66317112754194,5.656032419523036,5.0,1,1278.3666738636257,2284.5932301423018,925.31
101124,North,First Class,Van,WH-A,Cloudy,60.37124326997579,26.1730988838544,97.72641283058591,1.8781030322507908,2.0,0,747.6971275533301,1700.796744848093,803.34
101125,East,Second Class,Mini Truck,WH-D,Clear,189.9726783080147,62.81521413399304,90.2236502556364,3.9825372407026167,3.0,1,1680.7313173816103,3519.9365696330324,1724.66
101126,East,Standard,Van,WH-B,Clear,188.5392155986277,12.097603331821055,87.44933645520028,3.849524663343977,5.0,0,1167.9045029728004,1213.1464945451908,-57.67
101127,East,Second Class,Truck,WH-B,Clear,120.24623772712351,21.079016726970508,87.72841405923225,4.12330114447433,3.0,1,1080.096911428889,1698.201369736782,483.65
101128,West,Standard,Truck,WH-A,Rain,271.6605143854993,48.458466399865856,103.98560254998888,4.923500256242047,5.0,0,1890.6464808060523,3467.4301074356404,1443.63
101129,West,Standard,Truck,WH-A,Clear,39.69456562573965,4.501976037530444,90.10388415382886,3.541337126092659,5.0,0,620.3986334370242,665.9501662498092,-20.5
101130,Central,Standard,Mini Truck,WH-D,Clear,99.97729557641206,27.7439618200634,93.00262685008096,2.7345714606929343,5.0,0,955.9589322237208,1949.2003413715984,834.78
101131,Central,Standard,Truck,WH-B,Cloudy,173.3524804551235,27.5915138123156,108.62779559167784,4.113332811419504,5.0,0,1309.155391725691,2012.436786454686,607.65
101132,East,Standard,Truck,WH-C,Rain,65.05983648225018,33.371524185705326,91.59446605934126,5.229198750130487,5.0,1,951.4028387060696,2686.542595071792,1565.64
101133,North,First Class,Van,WH-D,Cloudy,200.2833887593558,24.533058791185653,98.05439758770557,2.500537212752269,2.0,1,1408.2853260019551,1958.301032164482,486.69
101134,West,Second Class,Truck,WH-C,Cloudy,232.58368564082733,47.2836544838201,102.38287005975305,3.4953423285572573,3.0,1,1747.085908579428,2895.476783199029,1027.28
101135,Central,Second Class,Truck,WH-A,Clear,18.36162311686353,16.68421055635793,102.09432112187544,2.523185178372138,3.0,0,651.3474654452673,1209.3596908015231,454.51
101136,South,Standard,Van,WH-B,Rain,276.6131791839163,51.27145186940062,88.01054185773792,5.80244247294358,5.0,1,1948.701423811504,3248.5493444600856,1258.98
101137,East,Standard,Truck,WH-B,Clear,167.58483638384504,13.235267849696791,91.719885313791,4.379770820597546,5.0,0,1165.6815547965175,1672.1346475353212,373.42
101138,East,Standard,Mini Truck,WH-B,Clear,92.97308985031006,35.02275685766556,97.8141838575119,3.8064396225039534,5.0,0,1013.1341096728976,2076.7613604169505,1020.97
101139,North,First Class,Truck,WH-A,Storm,48.36631869408923,58.44601620255629,107.57410474429976,3.6627274691502687,2.0,1,1227.5316592311713,3355.188689526991,2027.87
101140,West,Standard,Truck,WH-C,Clear,214.96385442536555,15.663354463358512,91.43093604815284,3.857333915321626,5.0,0,1420.4053379048516,1849.9083036454083,280.85
101141,South,Second Class,Van,WH-B,Clear,58.28501838330931,18.46151309311292,93.03832209533354,3.542867814352768,3.0,1,673.3291573873639,1819.4253478195435,1054.65
101142,West,First Class,Truck,WH-B,Cloudy,167.41317446250514,52.34265033370068,98.51744652840604,2.68025305943978,2.0,1,1547.9485930964167,3008.330544753155,1382.01
101143,Central,Second Class,Van,WH-B,Clear,59.914114989784906,31.93881748133032,99.71794936409026,2.3157628355002697,3.0,0,947.8640098029616,2182.3165539949987,1096.44
101144,Central,First Class,Van,WH-B,Clear,127.14595644715328,7.783483953618142,100.08152402581642,1.5247407221406548,2.0,0,1017.5934212608036,1271.360988123845,152.5
101145,East,Standard,Truck,WH-A,Cloudy,209.7676328754264,32.71766055887931,90.9218648109912,5.894055347865846,5.0,1,1523.3423452645209,2785.2732277859686,1166.11
101146,South,First Class,Van,WH-B,Cloudy,93.7325124929352,42.548509620324815,92.80771117839356,1.6141968469700552,2.0,0,1144.404103570398,2614.6279224023915,1315.6
101147,West,Second Class,Van,WH-D,Rain,275.5937345661713,53.63197615080442,97.2930071988118,4.843532828549943,3.0,1,1991.082802055244,3336.2723030284264,1276.04
101148,Central,First Class,Truck,WH-C,Clear,175.5855148330589,34.506727277132605,103.5738678757697,2.5455366931087617,2.0,1,1340.3299731987413,2312.7490634753167,878.51
101149,East,Second Class,Van,WH-C,Clear,65.20079358102592,39.1833766998608,94.56909550728945,2.4852788340589043,3.0,0,969.9774030885632,2277.338835422516,1167.04
101150,Central,First Class,Van,WH-D,Rain,51.07489006043693,72.77424920330245,95.86618859949708,2.4015480904980606,2.0,1,1220.3621952366193,3716.786790540236,2429.54
101151,North,Same Day,Van,WH-C,Clear,77.22613082781996,49.31485647210998,89.84442937716355,1.200457531893417,1.0,1,1207.488143923155,3017.8684462734336,1638.24
101152,Central,Standard,Truck,WH-A,Clear,123.63029234842392,23.943823905109213,107.17936099135346,3.4366098887218417,5.0,0,1113.5070681510103,1761.2603101437912,545.34
101153,North,First Class,Van,WH-B,Clear,289.8173699681243,26.01937544417588,96.92557768285026,3.0026944960880084,2.0,1,1673.18481157325,2342.0523521153395,528.26
101154,North,Second Class,Truck,WH-B,Clear,319.7245969482062,57.04058846745127,102.46652867734043,5.339410938223788,3.0,1,2155.710137674157,3589.089009024698,1292.84
101155,East,Standard,Truck,WH-B,Clear,91.5422502953286,34.06941178405615,96.1793832484056,4.27087283482754,5.0,0,1109.1711003179194,2349.004577419628,1135.16
101156,North,First Class,Van,WH-A,Cloudy,89.77946396987775,30.98806734180505,96.51160239146049,1.2449372897577873,2.0,0,1074.5707445590112,1712.2754936691922,544.47
101157,North,Standard,Mini Truck,WH-A,Storm,192.0053209875328,23.44940954805652,86.99814665488763,5.329925466375029,5.0,1,1335.5665213828297,1805.50396567596,361.44
101158,North,Second Class,Van,WH-B,Clear,191.1372847692737,55.75776574165936,83.0954287818446,3.350197212344185,3.0,1,1436.6120078465797,2921.381080737273,1349.83
101159,East,Standard,Truck,WH-D,Cloudy,251.8915594929598,16.32305230150548,103.51143127101577,5.098989688634434,5.0,1,1529.6214476404757,1881.9019012074723,276.81
101160,West,Standard,Van,WH-C,Clear,255.55778396571048,21.11256991796668,96.46834928557452,4.184843289585516,5.0,0,1497.2605223961996,1837.0383255484348,271.89
101161,North,First Class,Truck,WH-D,Clear,73.80370715461862,55.65385605836356,97.2385687379197,2.243209048829672,2.0,1,1218.9754425516037,2923.632923489442,1542.71
101162,West,Standard,Van,WH-A,Cloudy,44.13939537265122,55.25225314675248,88.50567748679754,4.043194698579361,5.0,0,1116.5000626475926,2680.466400269655,1479.69
101163,Central,Standard,Mini Truck,WH-B,Clear,177.02562662158653,98.64788365485072,90.58161493323826,4.778937332890765,5.0,0,2036.0326808902776,4766.4565725112325,2608.03
101164,North,Standard,Van,WH-C,Rain,143.9876302151372,27.810715125101524,102.37381200680991,3.887775155050914,5.0,0,1326.113614445701,1834.9590088364123,405.92
101165,North,Standard,Truck,WH-B,Clear,28.861603164924126,23.68971466332748,106.44086262504862,3.570167883599716,5.0,0,793.0313920226523,1941.637153411545,1044.13
101166,Central,First Class,Van,WH-B,Clear,43.37838745263063,25.29442169300217,92.27235591736468,1.926587956911205,2.0,0,868.9958334544217,1959.0761141977125,930.02
101167,Central,First Class,Van,WH-B,Clear,172.26088651114026,8.589402990959705,100.02889973017834,2.149401425944787,2.0,1,1192.085255602679,1474.024229745109,174.92
101168,East,Standard,Van,WH-A,Clear,117.263240711291,5.233968226252642,97.14014959608964,3.658145793240881,5.0,0,951.3892187772684,1134.479143457782,85.58
101169,Central,Second Class,Truck,WH-D,Rain,174.46572481182028,34.43243935057873,95.27682635953364,4.59950154044328,3.0,1,1395.2731026292915,1913.0493084075868,417.22
101170,North,Standard,Truck,WH-D,Cloudy,62.27811395424991,22.50893212196003,107.11175412106992,3.4000768894299824,5.0,0,780.957541060701,1652.8883693784194,779.55
101171,South,Second Class,Mini Truck,WH-A,Clear,181.57724635535823,17.14556044255127,93.28079012386348,2.5885479390377,3.0,0,1358.6504885493127,1588.006204334749,142.81
101172,West,Standard,Truck,WH-B,Clear,154.26721031412214,30.70829158896034,103.44427582210491,4.105176698076311,5.0,0,1266.9174220410364,2306.414613262293,946.98
101173,South,Standard,Mini Truck,WH-C,Cloudy,189.06979429615183,34.93734025291209,98.2885399022523,4.9623122211670685,5.0,0,1505.2105580902282,2622.8713515448258,949.45
101174,West,Standard,Van,WH-D,Rain,95.60476283501266,26.57668681849077,95.89866406581108,4.5518161563649056,5.0,0,993.949370347676,2063.160837828944,934.31
101175,East,Second Class,Truck,WH-D,Clear,83.23201265702757,27.02661763150677,104.23210303819847,3.064552892690053,3.0,1,1012.8216147971468,2292.588670061554,1181.85
101176,West,Second Class,Truck,WH-B,Clear,48.31146348461736,22.33160009912596,97.74080699053816,2.491745768580456,3.0,0,637.6460704909056,1593.4828794428252,811.48
101177,East,Standard,Truck,WH-C,Clear,105.53700476020391,44.50007156074542,95.42143482052631,4.503381521879571,5.0,0,1173.8912071236462,2528.525357546532,1300.19
101178,South,First Class,Mini Truck,WH-D,Clear,227.1523572348296,20.13444065037187,104.2766530378922,2.9133012345402163,2.0,1,1435.8861789449368,2233.452544962469,639.42
101179,South,Second Class,Truck,WH-D,Clear,261.78114968312667,14.647076846521626,103.49557352263136,4.141329935476331,3.0,1,1544.9519987308322,1869.349088231984,169.07
101180,South,Standard,Mini Truck,WH-B,Clear,58.63324687343341,21.704265114350463,103.21177992692326,3.422342087117103,5.0,0,873.0970618015145,1668.5522335819437,607.18
101181,West,First Class,Truck,WH-D,Clear,123.5752634505934,33.46979625393106,82.0,2.1885081576403813,2.0,1,1078.5712048349326,2755.918018084144,1531.94
101182,North,First Class,Van,WH-B,Clear,292.1871421986087,46.12866874544835,98.64105975443046,3.4317293052058795,2.0,1,1962.657439434172,3223.2589051302034,1135.3
101183,North,Standard,Truck,WH-A,Clear,313.8192631234969,81.14758271419429,97.27270315841982,6.041346248775825,5.0,1,2406.5182444226266,4400.846773278156,1839.14
101184,North,Second Class,Truck,WH-D,Rain,102.94086236000445,30.804756650789376,95.79082047548708,3.420735575503767,3.0,1,1221.1109149627791,1984.388101566179,675.18
101185,North,Standard,Mini Truck,WH-D,Cloudy,238.2216573726236,69.26964908215412,99.65867780383608,4.8937015503868,5.0,0,1991.622387893636,4192.673816288547,2104.89
101186,Central,Second Class,Mini Truck,WH-B,Clear,216.2162521359864,18.98603405963225,97.56334123502717,3.317301141916229,3.0,1,1352.817598677831,1962.4078033332185,501.84
101187,South,Standard,Van,WH-B,Clear,206.5169476523693,16.727372265727293,100.06684450396308,3.92086261698194,5.0,0,1253.834332668799,1813.4998817565088,401.75
101188,Central,Second Class,Van,WH-B,Clear,38.96823803970468,38.10467090266763,94.39222915347004,1.7237765918998509,3.0,0,981.70737115436,2487.189429636611,1425.44
101189,North,Standard,Van,WH-A,Rain,88.14958916214536,41.59554029998051,104.98908378105897,4.166728250942169,5.0,0,1193.6624121732732,2759.321756104615,1489.33
101190,West,Second Class,Truck,WH-D,Clear,115.75892109390982,32.77875771340911,100.67366515063696,3.1431858590799777,3.0,1,1131.1513029383498,2391.426347201308,1142.0
101191,East,First Class,Van,WH-A,Clear,113.78041913195943,120.0,99.25515954308904,3.2820832191455054,2.0,1,1862.083841788188,5785.798648345512,3788.6
101192,South,Standard,Truck,WH-C,Rain,122.78993185059812,19.72265327479324,98.9622314022412,4.746037668803531,5.0,0,1016.0914000870016,1883.32629149889,781.84
101193,Central,First Class,Truck,WH-A,Rain,332.59050569157694,61.64851120316345,102.9436878449614,4.920420404607413,2.0,1,2303.93729449255,3880.028981822606,1442.63
101194,Central,Same Day,Mini Truck,WH-C,Rain,105.09744468120712,17.05029764197218,102.13012672161294,2.550195119453979,1.0,1,999.217136468828,1454.1772471102568,297.07
101195,Central,First Class,Van,WH-D,Clear,158.37374138729743,43.61124061444771,95.32336767872228,2.1545306617451567,2.0,1,1281.596155651784,3194.8883482505385,1761.28
101196,North,Standard,Truck,WH-C,Clear,155.17976871460706,29.973793790378508,101.94186228493976,3.474596328984611,5.0,0,1292.3348323876069,1909.9085829730004,495.21
101197,South,First Class,Van,WH-C,Cloudy,123.70023988923744,34.19204502907687,97.04431344025228,2.369997465528181,2.0,1,1093.8922362076385,2399.302546529917,1198.58
101198,West,Standard,Mini Truck,WH-D,Clear,61.18835355207751,38.351520809885045,107.50156074900195,3.989559520970525,5.0,0,1063.32818716333,2033.305062624719,799.23
101199,South,Standard,Van,WH-D,Cloudy,133.56527359415054,30.676018178380065,102.5863668662818,3.547038662512248,5.0,0,1204.5789746582063,2181.573998538925,866.46
101200,West,First Class,Van,WH-D,Cloudy,28.42641200761616,26.96300053966593,92.24634408862984,1.5902742569567416,2.0,0,716.274841616364,1732.9381526539933,873.75
101201,East,Second Class,Van,WH-A,Clear,167.42732900041278,7.082897647577626,109.9842641367016,3.891056689774365,3.0,1,1153.9446891233656,1404.4582706446888,71.97
101202,East,Second Class,Mini Truck,WH-C,Clear,24.642757159277416,50.49856503536781,83.38776098406103,2.0970250003918203,3.0,0,946.241723480264,2848.741854570087,1763.27
101203,Central,Standard,Van,WH-D,Clear,158.9922805967543,11.584902830106673,99.82412844401424,3.769996454506952,5.0,0,1166.8168671318786,1287.328986869563,45.41
101204,West,First Class,Truck,WH-B,Clear,85.24058434469893,22.69036890594043,91.82251602332828,1.9922177098910503,2.0,0,910.8149094900416,1808.3134565083003,830.86
101205,North,Second Class,Truck,WH-C,Cloudy,66.98389814101154,35.73973446012106,107.29308176203811,2.846081128134544,3.0,0,1003.3702862785692,2627.099481752492,1524.15
101206,North,Standard,Truck,WH-A,Cloudy,193.66494803455868,,97.51683639177172,3.9674434576982858,5.0,0,1232.1604460468438,1324.1125484131258,-42.88
101207,West,First Class,Van,WH-D,Clear,97.7661053526656,26.9438092182152,91.23722720947728,1.3162899231335845,2.0,0,1007.9201443005312,1786.3302976364591,652.84
101208,East,Standard,Van,WH-C,Cloudy,129.5503021780708,47.115802095467934,94.4010317266825,4.343765444412324,5.0,0,1414.3202173347152,3038.779685527142,1437.21
101209,South,Standard,Van,WH-C,Clear,39.98668943817663,22.34059013034056,91.71641124800644,3.0162624148629207,5.0,0,703.2792547467594,1740.307169253264,911.8
101210,East,Second Class,Van,WH-D,Cloudy,272.41175381794505,27.236361088951128,94.16533812857952,4.288067365742816,3.0,1,1710.212169072139,2363.111610708585,554.36
101211,West,Same Day,Truck,WH-A,Clear,137.0295986981136,15.262986320596935,94.02811430466298,1.1500453348589967,1.0,1,987.731430920526,1882.22234501237,824.16
101212,Central,Standard,Van,WH-B,Cloudy,136.8319774123923,24.136971388162948,91.49306478779368,4.286992900096569,5.0,0,1011.981379542794,1764.985296642925,601.69
101213,East,Standard,Van,WH-D,Cloudy,242.2040085631155,11.833151769924177,97.62038286949574,4.327105912029444,5.0,0,1430.3930176656677,1555.7931751463277,15.61
101214,South,Standard,Van,WH-A,Clear,169.49628694641504,33.170365102177065,98.3473449804404,3.3580816320559403,5.0,0,1356.932409126582,2204.906723769566,790.69
101215,South,First Class,Truck,WH-D,Clear,16.24006681773142,9.796831572603116,90.0221616523442,2.064748912538444,2.0,1,512.7647926715232,1114.4609581969444,490.92
101216,East,Standard,Van,WH-B,Rain,287.4299969797875,19.218015742594776,86.05038742173602,5.726034520919536,5.0,1,1585.2065845601476,2382.5391140191387,722.18
101217,South,Second Class,Truck,WH-C,Clear,102.75846403817754,30.139830767749,97.86573871289742,3.0671616461643265,3.0,1,1070.1322966846153,1705.0087805620533,539.77
101218,East,Same Day,Van,WH-C,Cloudy,278.100192115791,25.790168381923813,99.1915233067172,2.868959052527922,1.0,1,1705.141016836699,1982.0520415940105,166.69
101219,West,Standard,Mini Truck,WH-C,Storm,100.55930666407964,36.96648425420722,100.3813005717674,5.225786821627041,5.0,1,1140.034111943207,2044.3123868319224,825.96
101220,North,Second Class,Truck,WH-D,Rain,86.84548616684515,27.29343449693704,99.30704628956477,3.377491254245297,3.0,1,928.7497127872008,2343.8958736554205,1322.21
101221,North,Second Class,Van,WH-B,Clear,162.99483305961954,7.060068850560889,105.43630065442194,2.988387155954875,3.0,0,1061.267764730129,1208.073332153688,62.85
101222,South,First Class,Van,WH-A,Cloudy,369.0984178526088,13.086887164620991,101.98240732158756,3.364886541174396,2.0,1,1955.9823761911305,1880.010452869044,-160.87
101223,Central,Standard,Van,WH-B,Storm,238.08504248479576,29.235861730196284,112.0,5.867011450412749,5.0,1,1679.5798581276483,1935.8572777398567,181.56
101224,West,Standard,Van,WH-C,Clear,173.29144583039246,54.60217914409104,112.0,3.012596681182536,5.0,0,1527.982161143482,3121.2109009286864,1500.13
101225,North,Standard,Van,WH-D,Clear,161.53642705170807,48.956972779896304,85.45138447413171,4.399846649328436,5.0,0,1443.1827590403266,3167.760964539626,1645.89
101226,Central,Second Class,Mini Truck,WH-D,Clear,132.83696028704253,120.0,82.81716821258493,3.946213709194975,3.0,1,2046.0798705320533,5662.345790584917,3485.74
101227,East,First Class,Truck,WH-B,Rain,271.2517889937779,20.72602630883118,95.95565221291972,4.699623958412644,2.0,1,1571.6864776412488,2048.8762070997286,360.16
101228,East,Standard,Van,WH-D,Clear,196.43285551293025,46.17339620978128,99.02539457928194,4.903505820213181,5.0,0,1567.0062915112835,2516.9468145320275,798.13
101229,Central,Standard,Truck,WH-A,Clear,47.568924095341714,44.23893757062121,95.54468994596569,3.753491099301201,5.0,0,1047.5835763061432,2484.7156692282283,1261.1
101230,North,First Class,Van,WH-A,Clear,67.25628623092285,70.79259844445768,100.22148267634655,1.9258310488530093,2.0,0,1238.336676640845,3647.908747086524,2275.87
101231,South,Standard,Mini Truck,WH-A,Cloudy,176.6743861382647,59.837341053485815,94.37854754760974,4.93275700216101,5.0,0,1684.3770294174196,3143.876640823011,1333.76
101232,West,Standard,Van,WH-D,Clear,59.558325051567714,34.70357151699044,91.83629541951528,2.5958085579106203,5.0,0,1011.998947156322,2389.663492232929,1241.75
101233,North,Second Class,Truck,WH-A,Rain,136.57462315903953,41.74488522580542,92.74265484089374,3.578651451891736,3.0,1,1306.7269215105327,2853.4070969281447,1420.35
101234,West,Standard,Truck,WH-C,Cloudy,205.6229069053928,37.04865498617815,94.79898978561478,4.4241207492771935,5.0,0,1496.1421782202733,2445.807944740953,837.91
101235,South,Standard,Van,WH-D,Storm,163.65830051952133,28.53924680172464,101.0610740643609,5.420767047814209,5.0,1,1406.5422981396182,2360.534367843601,845.02
101236,North,Standard,Van,WH-D,Rain,53.28703382357625,39.95069981718182,93.079555820005,4.513015950041698,5.0,0,975.7124954782016,2386.608354564338,1336.65
101237,South,Standard,Van,WH-D,Clear,69.80463366185586,32.52751834464678,94.26618778249976,3.6003080654904163,5.0,0,815.6729641029661,2448.4785330826217,1493.44
101238,East,Second Class,Mini Truck,WH-A,Cloudy,166.59554617607125,31.67415609566069,99.42130106426612,3.7072999609068726,3.0,1,1317.6079373727464,2812.0275797665545,1385.51
101239,North,Second Class,Truck,WH-B,Clear,347.03411862717843,72.72117580346325,94.80722161472886,4.840368874511443,3.0,1,2407.144593750446,3914.649723577213,1346.77
101240,North,Second Class,Truck,WH-C,Storm,120.11276095930576,35.11904299145379,102.70026330387232,4.85045793963428,3.0,1,1290.0844332974043,2543.097704288661,1110.98
101241,Central,Standard,Truck,WH-C,Clear,209.6013535501228,30.80993394856403,90.48296260658964,4.398020649710432,5.0,0,1405.5176521110125,2674.301067976336,1180.69
101242,South,First Class,Mini Truck,WH-C,Cloudy,164.4789676731657,26.294985662004805,89.18181746120707,2.8520772867397923,2.0,1,1232.674287314013,1852.601511879923,466.29
101243,South,Standard,Truck,WH-C,Rain,84.67094973750089,24.84828744296028,97.82777420411006,4.586660020981227,5.0,0,1023.0626779655784,1752.8624653053269,709.43
101244,North,First Class,Truck,WH-B,Clear,210.93881510087311,12.802338079186905,98.42573077358878,1.9615812004036468,2.0,0,1297.3709541956018,1519.584439633373,44.66
101245,South,Standard,Truck,WH-A,Rain,39.0643064075105,28.55720524484066,90.81024303549952,3.399250025394626,5.0,0,735.9536133634751,1922.2942412034336,1123.19
101246,South,First Class,Van,WH-B,Clear,202.42799272904605,56.24922307696002,104.06157240796456,2.7911683360308084,2.0,1,1758.162597983359,3212.7494872816083,1327.26
101247,West,Standard,Mini Truck,WH-B,Clear,170.23451132272834,20.32069468565236,107.54962085862137,3.94759615528802,5.0,0,1220.2410296831108,1829.0373714219304,483.84
101248,South,Standard,Van,WH-C,Clear,89.88029422347071,91.1809835491744,92.2328747229557,4.037477698274587,5.0,0,1635.3540940680505,4636.158986540417,2851.47
101249,Central,Standard,Van,WH-D,Clear,63.24750653261662,4.729475346981968,104.92380403638714,3.427189307893745,5.0,0,596.398508805831,619.6126444724857,-75.28
101250,Central,Standard,Mini Truck,WH-C,Cloudy,94.9926491997476,39.04250109314949,82.0,3.80413708330052,5.0,0,1086.4215562265613,2211.128454688882,1089.8
101251,North,Standard,Van,WH-C,Rain,80.56328081598588,33.28486783987705,102.45667360030816,4.590152478917893,5.0,0,1069.3128706423192,2377.320902436569,1209.46
101252,North,Second Class,Van,WH-A,Clear,108.61001141470196,71.96961083378706,90.85342337322948,3.5920840464355703,3.0,1,1457.0018563114572,3868.53726938559,2309.21
101253,North,First Class,Van,WH-C,Clear,101.2372536464914,18.847881369695937,101.85643609183283,2.043082806546081,2.0,1,881.6613934880568,1433.8110001037826,513.87
101254,West,Standard,Truck,WH-B,Rain,89.8498952666984,11.715595010617989,90.23234408426,3.5475239100325258,5.0,0,720.8253232727475,1546.847909459458,714.43
101255,North,First Class,Mini Truck,WH-A,Cloudy,37.84262817563455,25.420438908577573,95.58907479223924,1.6189286362373565,2.0,0,852.0182584891659,2165.810148447034,1241.45
101256,Central,First Class,Van,WH-A,Clear,57.15987682239307,22.87170554012221,91.13930642074897,1.9730930587559017,2.0,0,813.953725934026,1759.755960188574,813.08
101257,West,First Class,Van,WH-D,Rain,229.59340387916163,8.495126136011862,94.71671581330752,3.1350549317397816,2.0,1,1423.8794362377316,1284.09266463497,-241.17
101258,Central,Second Class,Truck,WH-D,Clear,91.52486428994816,30.989967791733,106.97954417358268,3.1995243427999864,3.0,1,1084.443249465823,2361.1020958863223,1098.02
101259,East,Second Class,Mini Truck,WH-C,Cloudy,109.89404910359032,21.63512109375068,95.35237322043956,2.9538193138122155,3.0,0,1038.5214095735548,2250.705247691707,1111.15
101260,Central,Second Class,Van,WH-D,Clear,97.8594923589264,64.30263787662133,108.661809743555,3.864113206846852,3.0,1,1358.926471848422,3198.112249697787,1714.12
101261,North,Second Class,Mini Truck,WH-A,Rain,274.6735653419303,31.30734326209025,93.68512463344298,4.369261250963772,3.0,1,1773.0126896128536,2493.904480062413,618.35
101262,East,First Class,Mini Truck,WH-B,Clear,79.3220041640155,17.249887531294572,104.9505882228408,1.3556740695265224,2.0,0,932.0080205774924,1870.8142424061768,885.62
101263,South,Standard,Van,WH-D,Clear,75.66326498779766,28.88966549384857,86.24584436092319,3.294779028849452,5.0,0,924.5311811777264,2062.8408444850784,1035.47
101264,Central,Standard,Mini Truck,WH-A,Cloudy,172.38240530879065,32.89057589432749,94.28094566773083,3.2304179211017887,5.0,0,1452.9566816798404,1923.306130288246,333.98
101265,East,Standard,Truck,WH-C,Clear,142.8101794775777,41.34240767717389,92.78334008804784,4.150786674524336,5.0,0,1221.416695333147,2738.924244488697,1386.44
101266,Central,First Class,Truck,WH-A,Clear,175.10843910407004,29.78830727704743,105.22623360478283,3.6678679643234937,2.0,1,1248.3829878756346,2002.448707834404,654.33
101267,North,Standard,Van,WH-B,Cloudy,168.90365789674155,88.55552137567861,97.11149271621645,4.412247275039183,5.0,0,1922.8338782210776,4151.455746741418,2169.61
101268,Central,Second Class,Mini Truck,WH-B,Cloudy,213.97782612481944,12.49651744157784,83.47150098211503,3.0123737823382952,3.0,1,1250.356195032039,1228.0907520581843,-154.82
101269,East,First Class,Truck,WH-B,Clear,52.27866149805904,21.39606425240037,88.13922207165862,2.223128528414657,2.0,1,875.3278100286645,2004.7538555791407,1004.74
101270,East,Same Day,Truck,WH-D,Clear,163.15398098686873,17.301188442417775,89.9240265037236,1.8076465291121924,1.0,1,1221.7786357768396,1542.4444968338826,181.15
101271,Central,Standard,Mini Truck,WH-D,Storm,75.98417384651513,23.570166465067885,101.604301764673,5.401425555713948,5.0,1,1057.5397577300714,1915.7718836582749,757.83
101272,South,First Class,Truck,WH-C,Clear,29.55717873859981,35.36639481248301,100.83004490193764,1.539360508522165,2.0,0,878.2700985736869,2341.864532248685,1412.55
101273,South,First Class,Mini Truck,WH-C,Clear,168.24980666020056,33.867596109003415,94.19760340223328,2.755691793544684,2.0,1,1281.1204944860017,2430.273051584291,1020.47
101274,West,Standard,Mini Truck,WH-A,Clear,162.76133905274727,40.74312028113757,92.70894123829456,3.397183310020346,5.0,0,1282.623249045082,2715.3516759716654,1323.05
101275,North,First Class,Van,WH-A,Clear,126.5164278290657,31.189862268382747,100.29832944510032,2.9861411787312555,2.0,1,1239.7846512176425,2308.206358140737,909.71
101276,South,Standard,Van,WH-A,Storm,216.0629165721801,32.35832539968276,89.22286144540824,6.296090214452758,5.0,1,1483.7235012532608,2453.054036679217,858.32
101277,North,Second Class,Van,WH-D,Clear,76.38835346839005,31.58168769878052,98.74601386770212,2.414154469832103,3.0,0,1055.464111331634,1947.563290217756,783.69
101278,North,Second Class,Mini Truck,WH-A,Clear,183.87004428757635,22.12974360829549,98.2351079812214,3.0961605545382933,3.0,1,1322.943717154166,1759.562046294969,312.01
101279,Central,Standard,Van,WH-B,Clear,115.90306579294,21.0553033539607,94.3524624415994,3.186884493975383,5.0,0,1007.227075822252,1782.481659833817,686.15
101280,West,Standard,Truck,WH-D,Clear,121.28397666568743,17.06122550483851,98.3860677902743,3.1924854547110817,5.0,0,1024.691084728459,1635.0967151698464,522.99
101281,South,Standard,Van,WH-C,,33.09244876936118,42.03173155037957,96.6125661184481,2.974812323961331,5.0,0,925.2238622913958,2564.102139805917,1532.3
101282,East,Standard,Van,WH-C,Storm,217.2831487078168,5.590483844969299,98.98451696853924,6.815572081419,5.0,1,1321.0282173942855,1678.9605705741933,280.15
101283,East,Second Class,Truck,WH-A,Cloudy,159.19971363585896,31.923342756482263,87.99538614911944,3.88103225135038,3.0,1,1357.4360837619988,2385.6228494332445,926.21
101284,West,Standard,Van,WH-C,Clear,179.9377476791844,46.69626340825734,99.6870118831722,3.00807236874004,5.0,0,1583.4042099053954,2695.6250255570208,934.34
101285,Central,Standard,Mini Truck,WH-C,Clear,69.64051044401947,53.99735477028048,102.15960797701364,3.127980381106527,5.0,0,1169.625444368312,2431.963446387239,1115.85
101286,Central,Second Class,Van,WH-B,Clear,148.81481723727893,4.125133373517635,97.92570852338667,3.1431623920422003,3.0,1,948.3665149189794,1032.3874377509414,-36.76
101287,South,Second Class,Mini Truck,WH-C,Clear,115.75641686399742,22.58559758631108,99.607295105949,2.9785826213900743,3.0,0,1105.6367057648995,1530.491668253385,260.55
101288,South,Second Class,Van,WH-D,Cloudy,163.9591742192165,17.759605930375507,95.34048409554144,3.3384300722574114,3.0,1,1063.0650720168212,1587.398488358659,443.2
101289,East,First Class,Mini Truck,WH-B,Clear,144.91366370727678,21.36508055997016,101.34799539757826,3.151144517065402,2.0,1,1160.211073429116,1933.286903168267,575.91
101290,East,Standard,Truck,WH-B,Cloudy,303.90241248699937,60.629468990376765,96.39148276787913,5.722455695011017,5.0,1,2155.7121262392743,3672.041791070585,1422.45
101291,East,First Class,Van,WH-B,Rain,253.33571760273088,17.837355511875387,89.11235230527234,4.237801064795836,2.0,1,1484.1510170288386,2398.368205370733,734.08
101292,West,Standard,Van,WH-D,Clear,107.93567888859972,46.631467042961006,100.92129692929956,3.1567058435459807,5.0,0,1288.1867935807584,2887.050357652544,1418.88
101293,East,Second Class,Van,WH-A,Rain,168.1375954268541,32.19771631681087,86.19512251495337,4.715550197259873,3.0,1,1336.2621412832596,2803.4527126358257,1418.55
101294,South,Same Day,Truck,WH-D,Clear,102.54113953652472,20.76076311004012,97.6966784657303,1.3658132821488025,1.0,1,933.184758622142,1952.2679003447504,857.73
101295,South,First Class,Mini Truck,WH-D,Clear,212.88374061794045,19.380631926530874,93.69466289971813,2.6759994862765093,2.0,1,1415.962961971268,2191.0814321467246,675.06
101296,South,Second Class,Van,WH-B,Rain,118.67813933242802,34.26004535933828,93.31124550177172,4.2207536076167465,3.0,1,1121.032709601399,2225.776806547986,1014.62
101297,North,Second Class,Van,WH-C,Clear,94.06151625946094,27.91904549033269,97.03193249955724,2.864903600595095,3.0,0,1045.721419454417,1761.607137067349,587.52
101298,North,Standard,Truck,WH-D,Clear,147.63450883399526,8.021576883743185,91.74427085509204,3.6174385996927056,5.0,0,894.9779055728304,1258.322064783213,288.62
101299,West,Second Class,Truck,WH-D,Cloudy,242.6658781953953,15.0535480044543,99.073236084767,3.575962769587111,3.0,1,1469.369965490661,1805.866022251475,208.93
101300,South,First Class,Truck,WH-B,Clear,221.9865922024832,34.79675887930071,96.34077979573202,3.820095220492652,2.0,1,1550.6749249877066,2364.8129823766417,737.07
101301,South,Same Day,Truck,WH-A,Rain,97.43097431995206,12.079827174257954,92.2962362915268,2.4532619474441164,1.0,1,857.9867714600945,1184.123580280003,209.94
101302,East,Standard,Truck,WH-C,Clear,289.4279037222007,50.54737702315091,104.02907742027791,5.485074891446707,5.0,1,1987.9020074706368,3345.979976684885,1201.34
101303,West,Standard,Mini Truck,WH-A,Rain,72.38720172677886,9.600520481105857,97.228695661797,3.493776882434629,5.0,0,772.4658670759122,1043.7674498409117,147.77
101304,South,Second Class,Van,WH-A,Clear,87.11520822646435,24.549124239682584,99.78480560054687,3.200902388478681,3.0,1,1001.9184200002292,1506.3011088859414,406.98
101305,Central,Standard,Van,WH-D,Clear,207.95770343397297,42.80167502837001,104.49953237696651,4.290674586609205,5.0,0,1614.862742005948,2520.265988784813,776.45
101306,Central,Standard,Van,WH-B,Clear,29.72300169528052,14.216068996271932,104.40107121476623,2.722711874846622,5.0,0,659.9399586583646,1335.1231528440264,614.41
101307,West,Standard,Truck,WH-C,Rain,129.7600092341476,11.478701445253977,99.47871272313714,4.356279359899847,5.0,0,1032.3540053725042,1222.028894599986,109.04
101308,West,Second Class,Van,WH-A,Clear,107.657918382228,38.29003220246604,94.18405079394115,2.789494873269023,3.0,0,1117.5807219361122,2391.783000952092,1179.26
101309,North,Standard,Mini Truck,WH-A,Rain,298.63038939577416,47.503021884828655,87.42177727477673,5.702870040914186,5.0,1,1964.3498360007927,3292.760608855685,1190.87
101310,Central,Standard,Truck,WH-A,Clear,64.00566359141743,25.68513728818417,97.24014420287848,3.938858115371388,5.0,0,876.4664278218903,2034.8561731313875,1034.19
101311,South,Standard,Truck,WH-B,Clear,68.78993038437665,22.184539246989093,102.56750589490431,4.156249628246663,5.0,0,846.7280959479821,1601.627888805136,626.17
101312,Central,First Class,Truck,WH-A,Clear,320.9689736776492,9.311592938619842,98.12588891635971,3.5421773499535667,2.0,1,1746.2735608319456,1405.5992875275851,-449.72
101313,East,Second Class,Van,WH-B,Clear,108.41087255038644,30.42891041006923,82.0,3.847111280310197,3.0,1,1057.3757250120325,2007.5322998860245,867.74
101314,North,Standard,Mini Truck,WH-B,Rain,237.5173278376975,7.021511361219693,101.2203729289588,4.909849145543033,5.0,0,1406.900963831554,1658.2598242800914,89.27
101315,North,Standard,Van,WH-C,Clear,98.11860788539904,61.11863068558446,101.58899492865444,3.9163163059986106,5.0,0,1258.87247699916,3521.42051750707,2176.97
101316,West,Second Class,Truck,WH-C,Cloudy,84.90311107571112,26.486777105143265,94.19266683764212,3.2984418409204266,3.0,1,1006.8421364901112,2047.5456101900625,916.04
101317,East,Standard,Mini Truck,WH-B,Clear,243.96579839541783,15.272891630422,101.93017005152112,5.262736250800871,5.0,1,1423.2862288219417,2119.867331816643,590.5
101318,North,Second Class,Truck,WH-B,Clear,363.2759220934843,19.254489334221063,99.76779248636026,4.881114103556744,3.0,1,1885.6486735821973,2617.8677843735154,602.51
101319,West,Standard,Mini Truck,WH-A,Cloudy,254.19643949026667,31.880846509801053,91.88695924630782,4.840664348481676,5.0,0,1736.3738772014071,2348.2187764225378,523.04
101320,Central,First Class,Van,WH-B,Rain,94.3026585252076,21.45008261217646,103.62780669730611,3.3061884004037903,2.0,1,1021.2995616609476,2156.488738104702,988.35
101321,East,Standard,Mini Truck,WH-D,Cloudy,126.46345158435922,28.701490751360154,88.39513846136332,4.191341961494094,5.0,0,1178.3977642357154,2053.153481205597,716.52
101322,East,Second Class,Truck,WH-D,Clear,70.82628767074011,13.759596054666416,95.6565319737664,3.086588913855856,3.0,1,797.9037968860721,1705.314142199672,762.71
101323,North,Standard,Truck,WH-B,Cloudy,78.74048397992222,54.62089876654082,95.05798612336748,3.842865551379537,5.0,0,1195.0818614285265,3194.470141460602,1883.87
101324,West,Same Day,Van,WH-D,Cloudy,76.2111159369385,19.530214949870988,91.04737108686732,0.6926776281458323,1.0,0,835.4368558800339,1185.0635719684306,254.86
101325,South,Same Day,Van,WH-C,Clear,99.5631070905234,5.33241223800834,97.8227632058938,0.5,1.0,0,848.365204534615,940.2884740755616,-116.85
101326,Central,Second Class,Truck,WH-A,Cloudy,138.4172845767395,22.677596455566377,103.86221339743835,3.959169499239775,3.0,1,1199.890936478498,1605.5777984720642,330.39
101327,South,Standard,Van,WH-D,Clear,129.4897800605671,17.56760899549308,103.48645123116832,3.239403143027749,5.0,0,1040.781665521287,1255.138988031286,73.51
101328,East,Standard,Truck,WH-B,Cloudy,191.6497449848112,52.5211369498096,100.3419852884515,5.310626302473194,5.0,1,1731.7568659855403,3360.6014909143387,1507.2
101329,South,First Class,Mini Truck,WH-C,Storm,142.60658949808737,15.32727550771594,85.82446495871822,3.384200560453917,2.0,1,1108.9807811158878,2156.32129416978,939.53
101330,North,Second Class,Mini Truck,WH-C,Storm,181.63316469009013,21.25303596954512,87.98428619473728,5.156243643971089,3.0,1,1251.2142609756522,1870.1369371101127,502.44
101331,West,Standard,Van,WH-B,Rain,197.7001817781416,32.427886090004066,96.9970147185526,4.336964878003526,5.0,0,1374.8370814069922,2601.659164962404,1134.68
101332,East,Standard,Mini Truck,WH-C,Cloudy,95.335176653811,40.90075898885324,95.79458975349876,3.8684959528510574,5.0,0,1041.2745800508226,2896.988488975969,1730.77
101333,East,Standard,Van,WH-C,Cloudy,117.24693131443652,63.46353081805933,93.0115210350101,4.656093236520053,5.0,0,1404.500666830951,3474.7415724979305,1949.15
101334,Central,First Class,Truck,WH-B,Clear,450.0,16.221736751578515,107.431939184729,3.9296724063497344,2.0,1,2243.23661067436,2220.097730331224,-226.86
101335,Central,Second Class,Mini Truck,WH-B,Clear,90.54356467798496,59.41751182078104,96.63516091902684,2.8684527026745976,3.0,0,1320.6911456166,3159.421883674529,1691.25
101336,Central,Second Class,Van,WH-C,Clear,187.40240096710755,51.34500383274444,99.25447644714492,3.5716731111139324,3.0,1,1577.1403804625554,3222.8241879363254,1517.63
101337,North,Second Class,Van,WH-A,Clear,54.81036238660012,17.387669755544948,101.92736328569067,2.522638914420273,3.0,0,802.9314279087426,1778.0636155147336,844.99
101338,West,Standard,Van,WH-A,Storm,200.8442682043328,15.99485915288824,96.32975069803476,5.070408205831353,5.0,1,1366.756088040014,1884.775557087348,343.64
101339,Central,Standard,Truck,WH-D,Rain,81.50100867406633,36.73387363916596,111.54637300747422,4.046184474207577,5.0,0,1092.8935077824651,2449.454782855843,1280.53
101340,South,Standard,Mini Truck,WH-B,Clear,132.20512946644635,28.27384951017184,90.35776618538578,3.960418927673043,5.0,0,1103.7901701452813,2099.5747891241444,892.18
101341,North,First Class,Van,WH-C,Clear,,36.67623942696415,92.36357046063527,1.6759650116278428,2.0,0,979.048756712433,1882.9007636341485,860.6
101342,Central,Standard,Van,WH-C,Cloudy,124.56326235235836,23.148694447103416,90.34304569030496,4.311661599106086,5.0,0,983.5702309791424,2128.2933584133243,1015.17
101343,East,Standard,Truck,WH-D,Clear,126.06965733870987,30.06302018399586,105.37594971856382,3.929847040750384,5.0,0,1169.8369751740238,1848.1638702978084,538.64
101344,East,Standard,Van,WH-C,Rain,114.65138182481934,26.59431530786251,100.81251524531189,4.636080312955508,5.0,0,1094.6304953552983,2171.802879504906,1002.02
101345,Central,Standard,Truck,WH-C,Storm,164.85190462803774,36.376226347606696,92.73508852368845,6.390298451315486,5.0,1,1458.384032389456,2667.964192037761,1049.35
101346,West,Second Class,Mini Truck,WH-D,Clear,232.6833175052073,15.61249750886897,90.81674175027132,4.1942244778009705,3.0,1,1396.676502590905,1526.9968507237122,45.48
101347,East,Standard,Truck,WH-D,Clear,68.57753058436825,31.505495925538423,104.30934300361562,3.606974260695989,5.0,0,947.2671801278738,1968.6982025710345,923.42
101348,South,Standard,Mini Truck,WH-A,Clear,116.32619399853476,62.719695257915184,98.17012629203316,3.900397886369673,5.0,0,1400.2836649848452,3923.104206845576,2408.64
101349,East,First Class,Truck,WH-C,Clear,51.05989419284285,60.65235831395744,104.46250781169805,2.777926588937056,2.0,1,1233.9941166413753,3176.826866010155,1777.04
101350,North,Standard,Mini Truck,WH-A,Clear,35.43014845557286,33.76836354242469,95.63910389531064,2.841385941559396,5.0,0,828.5889076950244,1841.9186629735395,933.37
101351,West,Standard,Van,WH-D,Clear,141.555529710565,15.389633587940416,99.0692119346016,3.0063802881404165,5.0,0,1170.9540877196844,1839.8258397490129,548.68
101352,Central,Standard,Van,WH-A,Clear,65.13106870561255,80.17568342429166,97.80136593146402,3.816832660297922,5.0,0,1400.622828591955,3770.7430923998895,2233.0
101353,South,First Class,Truck,WH-A,Clear,128.7787980652294,36.38346526470666,92.2553319937556,3.2145711807218995,2.0,1,1203.807675096447,1934.242510962742,600.54
101354,South,Standard,Van,WH-A,Clear,144.83155660404935,75.65954653148155,95.13513504714597,3.8308308547179744,5.0,0,1633.3488404279017,4065.7019570952048,2301.16
101355,Central,First Class,Mini Truck,WH-C,Cloudy,40.2129387123036,37.2916176611046,88.89417993420993,2.4812819833414226,2.0,1,910.343802264668,2060.3103068583387,1013.31
101356,North,First Class,Truck,WH-A,Clear,157.50524888258104,3.6994335728939935,98.96464094236346,1.8637012302423013,2.0,0,979.646354694186,1304.385009314227,234.15
101357,East,Second Class,Mini Truck,WH-A,Rain,226.56388620063728,79.87693834075831,100.56749247808116,5.647744975816599,3.0,1,2043.6975017117024,4039.966142584372,1827.2
101358,East,Standard,Van,WH-C,Clear,177.92472068687152,47.14452870846653,101.94096720063192,5.262316923580276,5.0,1,1507.540044637485,3088.557636725518,1474.91
101359,West,Second Class,Truck,WH-D,Clear,69.66330380390475,29.36135078633196,99.99926935902604,2.74514342885194,3.0,0,941.5408413590188,2086.999857879127,1043.99
101360,North,Standard,Truck,WH-C,Clear,124.03560049975005,7.6054031623278355,95.23073918098186,3.405340315792814,5.0,0,935.207462575132,664.9672538282625,-427.41
101361,West,Standard,Van,WH-B,Cloudy,132.22646534936678,50.19594954716904,105.31182387046192,4.133086147813695,5.0,0,1399.9307256285538,3040.95685559743,1553.1
101362,South,Second Class,Truck,WH-C,Clear,117.64114838423252,37.07697862415188,101.35385092637728,3.326529331403779,3.0,1,1186.6535833112612,2348.246422701792,1040.38
101363,West,Standard,Truck,WH-C,Clear,52.931151716373485,93.11215655892252,104.33127780994263,4.090586706003828,5.0,0,1558.925800407107,4787.717432876229,3144.09
101364,North,Standard,Mini Truck,WH-B,Clear,76.99685828687514,71.33702896405424,104.7077202268221,3.6617039994712335,5.0,0,1381.0634739015927,3748.203407804399,2168.97
101365,East,Standard,Truck,WH-C,Storm,111.51626519636196,74.38750325653236,95.24640206815866,6.814170342264557,5.0,1,1721.1665778520496,4016.493862039935,2104.52
101366,East,Standard,Van,WH-A,Clear,143.66507586316925,33.218261479850135,98.32727674135944,3.640960056624858,5.0,0,1241.5662425959176,2143.2558725327785,795.55
101367,South,Standard,Truck,WH-A,Clear,90.18178030332903,32.307178190724464,100.64739110098486,3.446214415223851,5.0,0,1083.385014811143,1992.4830380890312,780.9
101368,North,Second Class,Truck,WH-C,Rain,32.41815237282236,37.328699382179295,89.10514927479345,2.7603331094098538,3.0,0,835.4471555264904,2270.430918028752,1324.8
101369,North,First Class,Van,WH-B,Clear,93.65096104284966,18.680100134814342,89.2381609657272,1.527132021399129,2.0,0,973.1590698308502,1588.261503301612,517.3
101370,South,Standard,Van,WH-A,Clear,303.6556033689445,29.904566968930908,88.20413012402953,4.281447272394228,5.0,0,1760.375670682684,2817.4558939359954,942.89
101371,North,Second Class,Van,WH-A,Rain,158.1166134329503,26.23351285377576,95.35139946888066,3.455680162476385,3.0,1,1282.6970332938752,2043.1536279419568,651.88
101372,Central,Standard,Van,WH-D,Clear,141.3158794102343,58.42510004335425,94.00009764473042,3.51156279020281,5.0,0,1447.8954523162977,2968.316947089951,1463.64
101373,East,Standard,Truck,WH-B,Clear,76.24558028779762,65.4324483180778,87.38597623022856,5.052133599879504,5.0,1,1296.0194549251644,3216.779852182827,1801.55
101374,Central,Standard,Van,WH-A,Clear,96.33211211829634,43.57977090622961,96.89614936619206,3.114146180215433,5.0,0,1142.1898956166829,2870.6918674031594,1619.98
101375,Central,Standard,Truck,WH-C,Clear,30.57492693216482,16.624333739623772,95.42628649970044,2.5819013846158185,5.0,0,603.3890421025061,1444.9452145178682,720.63
101376,North,Standard,Van,WH-C,Rain,72.94451653496463,82.84580415242506,103.09344102046197,4.596973064619486,5.0,0,1469.236231974765,4024.262745567648,2447.74
101377,West,Standard,Truck,WH-B,Cloudy,153.62944023088372,50.04251149072525,108.07787447479475,4.976385842674564,5.0,0,1546.9072380267105,3243.1953213676,1598.9
101378,Central,Standard,Van,WH-D,Cloudy,141.92188053643204,35.7721982025223,98.7387020424854,3.8934263171991215,5.0,0,1292.8211469981634,2186.11211944504,752.67
101379,West,Second Class,Mini Truck,WH-B,Clear,84.93138892114959,41.15973248431676,91.8202168718026,2.664942677872387,3.0,0,1009.7823318529096,1958.152259855273,819.71
101380,East,Standard,Van,WH-C,Cloudy,117.5792666360459,10.729891104564963,99.88034626408242,4.563640269587217,5.0,0,998.7897813010768,1206.1618803291908,48.51
101381,East,Standard,Truck,WH-C,Cloudy,129.54128730644106,26.264503704378896,96.05581753992284,4.931075022783718,5.0,0,1076.4257051019515,2091.747730054577,888.01
101382,North,Standard,Van,WH-C,Clear,87.80619554009522,61.35875614758567,94.55924847731102,3.741047521325438,5.0,0,1328.7512848613214,3227.306005495904,1795.47
101383,East,Second Class,Van,WH-A,Rain,163.29419985874543,10.326821377356406,90.83039327292111,3.9676312438220753,3.0,1,1149.375474902567,1096.241367064177,-184.72
101384,Central,Standard,Truck,WH-C,Clear,140.43537024236755,10.08932659055245,93.21467976466796,3.953740405160617,5.0,0,1032.5435727985382,1690.1929597151425,616.97
101385,Central,Second Class,Mini Truck,WH-C,Rain,98.50165166607748,50.22972840981768,94.93325393235703,3.2926991900910285,3.0,1,1360.3073066553836,2926.906889093123,1382.97
101386,North,Standard,Mini Truck,WH-A,Clear,55.41566158797698,39.43297745388764,100.82457835299267,3.010660639795713,5.0,0,920.9368743414226,2495.455007784462,1454.91
101387,West,Standard,Van,WH-A,Clear,94.18451568244784,10.42391523775654,99.0661534824472,3.5685817736174905,5.0,0,869.02791259768,1470.5434722089972,415.06
101388,South,First Class,Van,WH-C,Cloudy,90.33948128957694,24.76076439523757,106.95345685757096,2.640311915962859,2.0,1,1048.9201953110442,1578.8890518777923,450.4
101389,Central,Standard,Truck,WH-A,Rain,84.81448841137629,35.77226766971178,100.04602844307882,4.657484007533155,5.0,0,1041.8214507450498,2387.7319796968977,1275.03
101390,North,Standard,Truck,WH-D,Clear,41.46555510789977,33.226074349517,98.54576954737416,2.4569392984428973,5.0,0,809.8736000779046,2364.092270276368,1431.41
101391,Central,Standard,Van,WH-A,Clear,259.966399393695,37.50474669608957,94.16261780716457,4.014536342307852,5.0,0,1699.0322851678711,2978.197450952718,1156.48
101392,Central,Same Day,Truck,WH-D,Rain,253.03886761444548,23.58015225357312,89.77522210891973,2.845342532286074,1.0,1,1602.059815688323,2331.8315785950185,607.93
101393,North,Second Class,Truck,WH-C,Clear,115.09524874290447,34.274505633067044,92.58063934888114,2.981220668549203,3.0,0,1053.5225766275314,2437.8850764417816,1267.86
101394,North,Second Class,Truck,WH-B,Clear,143.27713725580318,43.53336655014506,91.80096802342844,2.807441907930028,3.0,0,1355.2287621331232,2277.8114597733547,834.57
101395,Central,Same Day,Van,WH-B,Cloudy,161.69946652741598,41.55387496503939,82.0,1.7271798109467775,1.0,1,1292.95851417604,2666.3726252264782,1315.4
101396,North,Standard,Van,WH-B,Clear,116.17708635809768,24.038642372427585,89.94820930455496,4.094831930194727,5.0,0,1104.8903610055306,1683.4435782377125,458.64
101397,East,Same Day,Van,WH-C,Clear,149.1023490769419,45.96786556232821,105.61325856819585,2.264173976563858,1.0,1,1420.5220385885673,3135.7050901935568,1650.07
101398,Central,Standard,Truck,WH-D,Clear,174.6611758822044,15.320839905448665,98.21160127775396,4.13002547918258,5.0,0,1291.6217024660036,1979.17690608928,625.75
101399,East,Second Class,Van,WH-A,Rain,137.46032506188394,19.25223568176712,93.74085686792942,3.7121226433027528,3.0,1,1147.013952034145,1541.3813383384934,297.69
101400,South,Standard,Truck,WH-C,Clear,191.86578848346247,50.188225973328855,98.39087893284012,4.027767301756971,5.0,0,1566.5417244646712,3041.0164603302246,1349.4
101401,East,Standard,Truck,WH-D,Cloudy,83.03275315315754,45.4007802050597,84.27957284562376,3.947755632432143,5.0,0,1067.7519480460924,2736.8159643447293,1489.49
101402,North,First Class,Truck,WH-B,Storm,123.96168321098232,25.446484503561464,97.69258629877454,3.112267084348776,2.0,1,1177.2431452578885,2215.295255287362,893.78
101403,Central,Standard,Van,WH-C,Cloudy,450.0,18.988782925342864,103.6649535788849,5.784622542122971,5.0,1,2284.5935811506897,1912.6691886961653,-532.09
101404,South,Same Day,Van,WH-A,Clear,216.67769601612235,20.72390793136299,95.27330431746373,2.1272990565874497,1.0,1,1457.927304035405,1425.122775761406,-165.68
101405,North,Standard,Truck,WH-D,Clear,139.25626329936202,42.40679002793812,85.36806284250859,3.589392988425029,5.0,0,1237.5531714514848,2671.6564227107056,1311.26
101406,South,Second Class,Truck,WH-A,Clear,68.69151311858711,37.75823222401817,93.51635679133982,3.1527522511821195,3.0,1,1100.5067368703012,1725.6033425322896,427.39
101407,Central,Same Day,Mini Truck,WH-B,Cloudy,127.670214400212,18.19495688643577,103.67557196989873,2.132182067362053,1.0,1,1123.992552088108,1760.857850057957,573.17
101408,North,Standard,Van,WH-B,Storm,208.76021724014703,45.214462182027965,97.55177794138602,6.695014702191836,5.0,1,1662.715261283899,3041.969897345013,1283.72
101409,Central,First Class,Mini Truck,WH-B,Rain,185.52065116752405,24.735618784572765,87.4901394312386,3.5808547087763736,2.0,1,1433.8312253500835,2382.910662997252,850.81
101410,West,Second Class,Van,WH-A,Clear,34.499631788623,15.681372289541372,110.20577507510322,1.864212334673529,3.0,0,633.3288324394256,1302.3494214080954,527.75
101411,Central,Second Class,Van,WH-C,Clear,42.59920592697036,22.14609060261597,88.47714890252921,2.567954112239074,3.0,0,745.1357199367234,1758.5254251017427,937.65
101412,Central,Standard,Van,WH-A,Rain,44.02365742186534,31.328038946786883,94.54245251032071,4.431552620433652,5.0,0,800.9682843777458,2232.5855232523404,1294.9
101413,Central,Second Class,Truck,WH-D,Clear,163.14980489461468,44.27806212710375,89.77568399608678,2.7256284330406624,3.0,0,1505.8132522973378,2482.30600753666,846.21
101414,Central,Second Class,Van,WH-A,Rain,44.44976938927969,42.60145339237656,89.78398791051839,3.9076780531104833,3.0,1,881.6710368442157,2727.701763248912,1707.56
101415,North,Standard,Van,WH-B,Clear,66.74481643094369,27.79430476792473,93.28709330558908,2.844456883396278,5.0,0,807.7112537273948,2044.9098320637509,1099.37
101416,West,Standard,Truck,WH-D,Cloudy,113.708917838213,33.62493734703524,99.81690095907646,3.612868189379273,5.0,0,1106.3286132282003,2131.0620886196702,860.89
101417,East,Standard,Truck,WH-A,Rain,227.8903088510221,26.29457037193385,103.7431886713176,5.647975259900797,5.0,1,1609.4984961485525,2244.741373121725,526.97
101418,East,First Class,Van,WH-A,Clear,167.53072808496066,18.216899369455707,93.68299096780524,2.7570355807535174,2.0,1,1232.0865650155067,1758.9638652973113,398.32
101419,Central,Standard,Van,WH-C,Clear,105.73344513755448,28.45218171241424,89.93913867489046,2.964921122002843,5.0,0,1042.698224223068,2266.5215938813053,1139.6
101420,Central,Second Class,Truck,WH-A,Rain,194.89129827473784,7.556111448031397,98.87183589995884,4.067279335347964,3.0,1,1281.6058712544375,1347.821549382988,-10.02
101421,West,Same Day,Van,WH-D,Clear,351.9433738726235,66.15609185121122,99.04778147357511,3.137598753033832,1.0,1,2337.996388801083,4004.202186661463,1494.44
101422,East,Standard,Van,WH-B,Clear,128.33452626357604,33.09476857196401,97.4422580133207,4.218130595234578,5.0,0,1201.2126969163,2133.3704484707414,850.58
101423,East,Standard,Truck,WH-D,Clear,53.21730762838634,38.64885653224823,97.6544388774404,4.160109633362559,5.0,0,1036.4819424092173,2129.986992283595,961.06
101424,South,Second Class,Van,WH-A,Clear,68.28416522103942,18.75377519683537,95.3246013219379,2.4518843021926324,3.0,0,796.5960162987548,1678.438152855077,753.26
101425,South,Standard,Truck,WH-A,Cloudy,67.86415065217153,32.92339839938088,96.5889051273353,4.225753498462861,5.0,0,913.0478113336628,1949.05269359574,884.88
101426,South,Second Class,Van,WH-D,Clear,78.06746430599866,36.30521388414233,94.91009322825856,3.2795159774287668,3.0,1,1039.2824897153453,2520.264636210412,1429.02
101427,North,Second Class,Van,WH-D,Clear,101.31611801352015,25.508521728092987,102.42146236222274,2.9906676404216714,3.0,0,1051.9216315598517,2099.750971136151,906.64
101428,North,Second Class,Van,WH-D,Rain,146.0738767117169,26.377746784024023,109.37075700423526,3.849668898075056,3.0,1,1241.737162702519,1874.008741788032,524.3
101429,West,Standard,Van,WH-B,Clear,47.72285013075195,11.981424369859424,97.07791891024316,3.0783445078710514,5.0,0,725.6810045207427,1394.6403642583073,579.96
101430,East,Second Class,Van,WH-B,Clear,54.0555242055081,78.48396689688742,95.96056651217184,3.7907377827503135,3.0,1,1313.476331427993,3687.265710568133,2272.57
101431,Central,Second Class,Van,WH-C,Cloudy,173.79337317023476,18.57224302951801,97.5351681941404,4.390878184695123,3.0,1,1229.92242646503,1417.495105377688,41.29
101432,West,Standard,Mini Truck,WH-B,Rain,90.60099190787447,20.18720985367881,92.05246919410024,4.508607643686555,5.0,0,958.9478321114308,1580.8894680122094,486.35
101433,North,Second Class,Mini Truck,WH-A,Cloudy,72.59268077057176,68.58453130953336,100.58987022662892,3.1530097733895475,3.0,1,1334.1538838234053,3524.29980783112,2084.62
101434,North,First Class,Van,WH-B,Rain,108.30921201227564,39.72225368620377,98.64705845448675,2.283992795241498,2.0,1,1290.501648803649,2634.754402926223,1274.12
101435,South,Second Class,Truck,WH-C,Clear,249.6408651773467,44.49078649160853,93.47717875174384,4.219231388284517,3.0,1,1761.186839097007,2977.373426617933,1143.59
101436,Central,Standard,Truck,WH-A,Clear,187.2097262018858,11.420504407596756,101.41240091425487,3.938670881690905,5.0,0,1185.4369754814686,1797.8753284091283,476.08
101437,South,Standard,Mini Truck,WH-B,Rain,180.11661062273717,32.67690485361808,96.11393861007232,5.320807547135583,5.0,1,1432.6950118338943,2120.6407407042702,622.67
101438,East,Standard,Van,WH-B,Rain,297.3438711681092,11.51951472108753,90.17966016915376,5.495497982639438,5.0,1,1694.1163527746496,1678.7859305258828,-121.2
101439,Central,Standard,Van,WH-A,Clear,150.03965139244403,16.788990752586407,98.10962667253776,4.095438381405841,5.0,0,1149.2044394004522,2119.144696546264,766.1
101440,Central,Standard,Van,WH-A,Clear,312.2078543746263,84.9734233742012,97.42195502039596,4.775084847445245,5.0,0,2409.046913125089,4108.194212856267,1573.06
101441,South,Same Day,Van,WH-B,Clear,325.86475328522505,14.74143620314901,101.76250887666374,1.921865702413284,1.0,1,1678.7569627231608,1833.742555151569,19.01
101442,North,Standard,Van,WH-A,Clear,48.786689529438206,43.26626158991385,100.9892817004491,3.0634384448705574,5.0,0,840.9135621105473,2264.060494629053,1350.28
101443,North,First Class,Mini Truck,WH-B,Rain,39.67313031060924,15.71821850804645,95.34464201622744,1.767535810424817,2.0,0,777.7719478568547,1419.854336801342,575.04
101444,North,Standard,Mini Truck,WH-C,Rain,64.96082881360523,17.048233156004024,93.16747838151882,3.370098988557368,5.0,0,837.0144894255054,1456.150479933613,481.28
101445,North,Standard,Van,WH-D,Clear,236.1496556131192,114.48913304803308,96.0104625003468,4.811125553070561,5.0,0,2357.445437372882,5726.195295451393,3268.63
101446,East,Standard,Truck,WH-A,Clear,109.63225581224413,27.881828587015136,98.17985327801192,3.930973760489775,5.0,0,1096.754925435899,2120.7277116209907,872.9
101447,Central,Standard,Van,WH-B,Clear,101.61551945187946,10.81408342293908,98.9025262665903,3.22367287266568,5.0,0,973.1188549232328,1067.438712107498,-20.69
101448,East,First Class,Truck,WH-A,Clear,197.8122892754821,44.338433040250685,97.80847324881672,3.132330934606458,2.0,1,1627.139584448873,2693.8820579306216,832.27
101449,West,Same Day,Truck,WH-B,Cloudy,87.78229128354687,58.86159937590996,95.4554283391694,1.4094967155589424,1.0,1,1328.4087177954016,3194.719638313541,1772.84
101450,South,First Class,Van,WH-B,Clear,139.16450159082603,46.73434175319089,101.98090212013936,2.4377323319886908,2.0,1,1307.20088628688,3011.246310494494,1580.43
101451,Central,Standard,Mini Truck,WH-D,Clear,173.7465430032057,,91.95418863544036,4.424669003044842,5.0,0,1236.402320472102,2723.631846201988,1405.02
101452,West,First Class,Mini Truck,WH-B,Cloudy,68.8909889769858,26.940959444933853,110.87642071292892,2.3457601356939777,2.0,1,793.8748885048801,2123.459186304915,1179.96
101453,Central,Standard,Truck,WH-D,Storm,58.87529269146331,21.018981697401696,100.57842228092257,5.113155413172765,5.0,1,914.1751550660232,1451.5718512085273,408.48
101454,Central,First Class,Truck,WH-A,Clear,127.915008450176,13.524020429250047,89.23508758097994,2.212344338698592,2.0,1,1038.3058621784764,1520.6984776720194,402.53
101455,South,Second Class,Truck,WH-A,Clear,137.52394192924294,35.89832900828256,97.1113759856185,3.4381898384445324,3.0,1,1304.46309902733,2456.9236465458266,1050.07
101456,North,Standard,Van,WH-A,Clear,189.36702214745569,25.575603021452835,100.6361011081928,4.043064017866815,5.0,0,1380.7293505574644,1982.885837094748,440.64
101457,South,Standard,Van,WH-B,Clear,63.8865782737264,11.64720779204636,93.90378536688172,3.3486657914637554,5.0,0,715.1898508491093,1475.154188474105,602.65
101458,East,Standard,Truck,WH-A,Clear,79.59727368861297,28.30943256166244,87.02913571453976,4.618380851853052,5.0,0,899.6206060907282,1451.189257882554,487.57
101459,Central,Standard,Van,WH-A,Cloudy,324.09445600698484,18.64743638457134,89.76561635040663,4.1439648340414506,5.0,0,1736.9395008556287,2230.260008758283,396.13
101460,South,First Class,Mini Truck,WH-A,Clear,213.9873050321125,34.77837031998467,99.2525576660733,2.848162314543984,2.0,1,1513.3620027235131,2387.658365609602,697.05
101461,West,First Class,Van,WH-D,Clear,115.78953212599352,32.74187979738228,85.47230116458977,1.884140350844384,2.0,0,1054.023318052946,2225.1862822034336,1063.51
101462,East,Same Day,Van,WH-D,Rain,233.0079867269168,23.355676650027725,87.30393256892387,3.1880872994493856,1.0,1,1598.5730434232976,2473.3608235661286,754.87
101463,North,Standard,Van,WH-A,Clear,64.04689433674736,29.14184077027884,99.22100848160356,2.675509315068646,5.0,0,827.3488639492465,1707.295065174511,730.5
101464,South,Second Class,Mini Truck,WH-D,Cloudy,107.9516256964817,30.695533711147423,94.66470469891902,2.773838977156596,3.0,0,1072.4493451918945,2228.9230269282266,1089.6
101465,West,Standard,Van,WH-A,Cloudy,11.21061345625752,50.17943454462007,91.82531766237122,3.3891865315134857,5.0,0,789.7334548287649,2925.478011668438,2055.13
101466,West,Second Class,Van,WH-B,Rain,136.8502765158569,28.49196079734079,93.0316071160648,3.2149115294273414,3.0,1,1210.8657670920911,2171.609122599068,858.57
101467,East,Standard,Van,WH-B,Cloudy,100.67823820820124,21.348781714732045,87.17511712293408,3.287202832315532,5.0,0,954.7398148411716,1388.926457554536,278.52
101468,South,Standard,Truck,WH-B,Rain,102.84061710461545,24.84636421581841,98.90672058272968,5.034789129447982,5.0,1,1020.4620885300064,2266.874107814739,1097.22
101469,West,Second Class,Mini Truck,WH-D,Cloudy,184.07879001735623,75.12927247700097,91.16073866989532,4.071212362199843,3.0,1,1737.7815928376424,3933.415663555689,2056.94
101470,North,Standard,Van,WH-C,Clear,215.64845476921624,16.109143744930666,92.78548689249678,3.862183166574488,5.0,0,1341.093173685177,1668.4294683724474,218.71
101471,Central,Standard,Mini Truck,WH-C,Clear,94.2701823029243,25.875325691187257,98.08071081952306,3.096454904956281,5.0,0,951.026075177845,1875.3279838621493,771.27
101472,North,Second Class,Van,WH-C,Clear,50.673772171664304,25.63374663191712,94.4602347872747,2.199111068097144,3.0,0,799.6895690000097,1769.7585641704504,861.91
101473,North,Standard,Truck,WH-C,Clear,43.56468278436304,26.315918068666885,91.772080142194,3.7186189256753055,5.0,0,890.0409945659151,1580.8763974337512,557.11
101474,East,First Class,Van,WH-A,Clear,28.22366095299395,8.548655050799546,84.06336945165643,0.9439002776885056,2.0,0,552.4332726007143,1216.8891281651013,519.03
101475,East,Second Class,Truck,WH-B,Clear,294.60795404902893,13.194158327492342,98.20455507520688,3.932711755836539,3.0,1,1651.28971405639,1682.3640817544606,-141.81
101476,East,First Class,Truck,WH-A,Clear,184.5105654832537,24.76084646247552,96.4739578056504,2.837369798508727,2.0,1,1285.180960056495,2240.753251481384,844.04
101477,East,Second Class,Truck,WH-C,Clear,162.2990902874298,20.654323705340687,92.89567525389975,3.8033144903674745,3.0,1,1138.4417456670972,2006.401536724115,767.15
101478,Central,Second Class,Van,WH-B,Clear,86.84953695533152,34.683376348813184,89.77560536719892,2.466965168241785,3.0,0,1021.8986100918275,2680.7148207154505,1499.99
101479,East,Second Class,Mini Truck,WH-C,Cloudy,86.53819480405792,54.362669832901474,96.07657487192115,4.000532525609892,3.0,1,1366.7289537299305,2968.64191845439,1440.4
101480,East,First Class,Mini Truck,WH-C,Clear,219.5693828319488,36.30451895906674,98.8828305631546,3.756039751248304,2.0,1,1541.6605905544186,2373.9841717808404,737.84
101481,East,Second Class,Truck,WH-B,Rain,39.809183536185614,31.38703330073271,96.58655328794582,4.054306151722315,3.0,1,878.8692782402446,1696.928212004798,743.24
101482,North,Standard,Truck,WH-A,Clear,96.7784122074286,38.43747374239588,105.82839312295292,3.914363424090778,5.0,0,1076.6774776077343,2983.160990703118,1750.32
101483,West,Standard,Truck,WH-D,Rain,237.1611145322088,33.148742687437206,100.22864701563016,5.343287652061323,5.0,1,1479.951163865959,2652.069227409623,1116.08
101484,South,Second Class,Van,WH-B,Rain,96.67346537459092,28.997307287181226,95.35630146195577,3.6829279883439736,3.0,1,1006.9629467345552,1902.8049342922025,841.59
101485,West,Standard,Mini Truck,WH-A,Clear,179.24039682262222,49.08807408070793,100.4296725365794,3.529811572268581,5.0,0,1659.0767117556734,3411.268301664405,1648.08
101486,North,Standard,Van,WH-B,Storm,118.55533467660408,24.33815321642965,96.29197367034648,4.639307696241462,5.0,0,1163.5363514095936,2277.290020613722,1000.17
101487,Central,Standard,Truck,WH-D,Clear,14.613535676730764,13.06670395436556,96.27115652713591,2.4144393671567537,5.0,0,643.949804639407,985.0197388702222,268.17
101488,East,Second Class,Van,WH-B,Cloudy,115.59868115115871,20.210340865928107,103.77818278386611,3.34616635919471,3.0,1,1008.1935961336472,1587.7018602063606,461.74
101489,Central,Standard,Van,WH-D,Rain,129.4187695047305,18.51550486195794,90.61165273115688,4.377416627561667,5.0,0,938.0415539698108,1703.4617585728242,646.09
101490,East,Second Class,Truck,WH-B,Clear,110.31760558075148,86.7238114789606,96.13985788832976,3.565918512103895,3.0,1,1555.9278876878743,4026.555252245365,2377.44
101491,North,First Class,Truck,WH-D,,56.98648338439291,56.198580287314485,103.13826001589764,2.2397086543194176,2.0,1,1167.292727473046,3013.976855282144,1665.51
101492,Central,First Class,Mini Truck,WH-C,Clear,111.05775992148082,31.61674584078583,97.85394334904936,1.6817186699991324,2.0,0,1112.0136448990763,2379.3307964184737,1142.28
101493,West,Standard,Mini Truck,WH-A,Clear,29.68102769027542,18.82835002168965,93.78568208778734,2.340619935065152,5.0,0,661.1410129577554,1225.5879360861293,414.95
101494,West,Second Class,Van,WH-C,Clear,96.05628391804248,48.80315834817944,85.76304140775498,2.420788662102692,3.0,0,1156.7010537646763,2900.67146527678,1684.94
101495,East,Second Class,Van,WH-B,Clear,187.34705275379176,30.888727784849568,82.37791834683775,3.3132350366211862,3.0,1,1408.8507465495984,2603.1208446392848,1135.54
101496,West,Standard,Van,WH-A,Clear,285.6851313631562,24.371241458106283,108.45708713856448,4.604466093074737,5.0,0,1683.087565383653,2340.3954716793505,531.21
101497,Central,Second Class,Truck,WH-C,Cloudy,259.79967394296654,31.04006300930357,97.85107092750486,4.182302578444841,3.0,1,1685.611000914613,2428.2577187558527,567.73
101498,West,Standard,Truck,WH-A,Clear,62.92872609333205,24.78551073526772,92.49556116548244,3.5592817981849083,5.0,0,853.3274580812703,1688.0956750141072,760.12
101499,South,Same Day,Mini Truck,WH-C,Clear,44.96278299041878,38.17296525599493,98.09674133477904,1.0056346899265038,1.0,1,890.188897046268,2539.216157135399,1534.01
101500,West,Standard,Truck,WH-D,Cloudy,136.87409712625785,12.238888753307563,90.3139551701799,3.5915009530755526,5.0,0,962.4220577013136,1217.2211194409426,188.03
